point,density,population,area,location,density_type,Département,latitude,longitude,daynight,acq_date
"(42.695, 2.8110000000000004)",405.44303797468353,3203.0,7.9,Baho,commune,66,42.695,2.8110000000000004,D,2020-07-01
"(43.448, 4.89)",171.49821254468637,15831.0,92.31,Fos-sur-Mer,commune,13,43.448,4.89,N,2020-07-02
"(43.448, 4.89)",171.49821254468637,15831.0,92.31,Fos-sur-Mer,commune,13,43.448,4.89,N,2020-08-21
"(43.45, 4.902)",171.49821254468637,15831.0,92.31,Fos-sur-Mer,commune,13,43.45,4.902,N,2020-07-02
"(43.443999999999996, 4.9)",171.49821254468637,15831.0,92.31,Fos-sur-Mer,commune,13,43.443999999999996,4.9,N,2020-07-03
"(47.18899999999999, 0.573)",24.948124501197128,1563.0,62.65,Saint-Épain,commune,37,47.18899999999999,0.573,N,2020-07-04
"(43.448, 4.8839999999999995)",171.49821254468637,15831.0,92.31,Fos-sur-Mer,commune,13,43.448,4.8839999999999995,N,2020-07-04
"(43.44, 4.897)",171.49821254468637,15831.0,92.31,Fos-sur-Mer,commune,13,43.44,4.897,N,2020-07-05
"(43.577, 4.1960000000000015)",145.11941848390447,8385.0,57.78,Aigues-Mortes,commune,30,43.577,4.1960000000000015,D,2020-07-05
"(43.58, 4.178999999999999)",145.11941848390447,8385.0,57.78,Aigues-Mortes,commune,30,43.58,4.178999999999999,D,2020-07-05
"(44.722, -0.815)",166.4457165812996,16573.0,99.57,Cestas,commune,33,44.722,-0.815,D,2020-07-05
"(43.11, 2.833)",44.920480363518344,1384.0,30.81,Saint-André-de-Roquelongue,commune,11,43.11,2.833,D,2020-07-05
"(43.501999999999995, 5.1960000000000015)",679.8396334478808,11870.0,17.46,Rognac,commune,13,43.501999999999995,5.1960000000000015,D,2020-07-06
"(43.50100000000001, 5.172999999999999)",308.82218148487624,13477.0,43.64,Berre-l'Étang,commune,13,43.50100000000001,5.172999999999999,N,2020-07-06
"(44.894, 4.811)",48.20040310970342,1674.0,34.73,Toulaud,commune,7,44.894,4.811,N,2020-07-06
"(43.504, 5.19)",308.82218148487624,13477.0,43.64,Berre-l'Étang,commune,13,43.504,5.19,N,2020-07-06
"(43.446999999999996, 4.883)",171.49821254468637,15831.0,92.31,Fos-sur-Mer,commune,13,43.446999999999996,4.883,N,2020-07-07
"(43.445, 4.899)",171.49821254468637,15831.0,92.31,Fos-sur-Mer,commune,13,43.445,4.899,N,2020-07-07
"(43.728, 4.388999999999999)",87.66668834970403,13477.0,153.73,Saint-Gilles,commune,30,43.728,4.388999999999999,D,2020-07-07
"(42.695, 2.85)",1791.3030703687382,121934.0,68.07,Perpignan,commune,66,42.695,2.85,D,2020-07-07
"(42.696999999999996, 2.8369999999999997)",405.44303797468353,3203.0,7.9,Baho,commune,66,42.696999999999996,2.8369999999999997,D,2020-07-07
"(47.771, 7.431)",323.77291543465407,5475.0,16.91,Sausheim,commune,68,47.771,7.431,D,2020-07-07
"(47.625, 6.132999999999999)",232.29166666666663,2007.0,8.64,Noidans-lès-Vesoul,commune,70,47.625,6.132999999999999,D,2020-07-07
"(47.31399999999999, 6.252999999999999)",135.37906137184117,1125.0,8.31,Roulans,commune,25,47.31399999999999,6.252999999999999,D,2020-07-07
"(44.723, -0.815)",166.4457165812996,16573.0,99.57,Cestas,commune,33,44.723,-0.815,D,2020-07-07
"(45.325, 3.3560000000000003)",12.630480167014616,242.0,19.16,Beaumont,commune,43,45.325,3.3560000000000003,D,2020-07-07
"(46.577, 3.3960000000000004)",302.6595744680851,13087.0,43.24,Yzeure,commune,3,46.577,3.3960000000000004,D,2020-07-07
"(48.76, -3.43)",451.53723525392854,19827.0,43.91,Lannion,commune,22,48.76,-3.43,D,2020-07-07
"(45.328, 3.3710000000000004)",84.78478478478479,847.0,9.99,Cohade,commune,43,45.328,3.3710000000000004,D,2020-07-07
"(48.736999999999995, 2.784)",570.2650290885583,8822.0,15.47,Tournan-en-Brie,commune,77,48.736999999999995,2.784,D,2020-07-07
"(48.763999999999996, -3.4389999999999996)",451.53723525392854,19827.0,43.91,Lannion,commune,22,48.763999999999996,-3.4389999999999996,D,2020-07-07
"(43.559, 3.4189999999999996)",56.497175141242934,1000.0,17.7,Fontès,commune,34,43.559,3.4189999999999996,D,2020-07-08
"(48.611999999999995, 6.117999999999999)",1556.7567567567569,6912.0,4.44,Neuves-Maisons,commune,54,48.611999999999995,6.117999999999999,D,2020-07-09
"(47.618, 6.142)",232.29166666666663,2007.0,8.64,Noidans-lès-Vesoul,commune,70,47.618,6.142,D,2020-07-09
"(43.443999999999996, 4.898)",171.49821254468637,15831.0,92.31,Fos-sur-Mer,commune,13,43.443999999999996,4.898,N,2020-07-09
"(43.44300000000001, 4.8919999999999995)",171.49821254468637,15831.0,92.31,Fos-sur-Mer,commune,13,43.44300000000001,4.8919999999999995,N,2020-07-10
"(51.038999999999994, 2.2969999999999997)",1102.3320895522388,23634.0,21.44,Grande-Synthe,commune,59,51.038999999999994,2.2969999999999997,D,2020-07-11
"(51.036, 2.2969999999999997)",1102.3320895522388,23634.0,21.44,Grande-Synthe,commune,59,51.036,2.2969999999999997,D,2020-07-11
"(43.45, 4.8919999999999995)",171.49821254468637,15831.0,92.31,Fos-sur-Mer,commune,13,43.45,4.8919999999999995,N,2020-07-11
"(51.045, 2.301)",1102.3320895522388,23634.0,21.44,Grande-Synthe,commune,59,51.045,2.301,N,2020-07-11
"(51.045, 2.301)",1102.3320895522388,23634.0,21.44,Grande-Synthe,commune,59,51.045,2.301,D,2020-09-05
"(51.044, 2.2969999999999997)",1102.3320895522388,23634.0,21.44,Grande-Synthe,commune,59,51.044,2.2969999999999997,N,2020-07-12
"(48.663999999999994, -2.334)",57.10123816460306,784.0,13.73,Plévenon,commune,22,48.663999999999994,-2.334,D,2020-07-12
"(48.724, 2.8360000000000003)",44.73350253807106,705.0,15.76,Châtres,commune,77,48.724,2.8360000000000003,D,2020-07-12
"(46.349, -0.319)",160.1159420289855,5524.0,34.5,La Crèche,commune,79,46.349,-0.319,D,2020-07-12
"(47.489, 3.694)",12.427616926503338,279.0,22.45,Montillot,commune,89,47.489,3.694,D,2020-07-13
"(49.68600000000001, 1.686)",27.770700636942678,654.0,23.55,Criquiers,commune,76,49.68600000000001,1.686,D,2020-07-13
"(49.684, 1.69)",27.770700636942678,654.0,23.55,Criquiers,commune,76,49.684,1.69,D,2020-07-13
"(46.37, 0.905)",16.353715294495267,1019.0,62.31,Saulgé,commune,86,46.37,0.905,D,2020-07-13
"(43.595, 1.306)",1862.7460393662989,38801.0,20.83,Colomiers,commune,31,43.595,1.306,N,2020-07-13
"(43.591, 1.284)",674.5571051639653,17896.0,26.53,Plaisance-du-Touch,commune,31,43.591,1.284,N,2020-07-13
"(43.44600000000001, 4.898)",171.49821254468637,15831.0,92.31,Fos-sur-Mer,commune,13,43.44600000000001,4.898,N,2020-07-14
"(43.44600000000001, 4.898)",171.49821254468637,15831.0,92.31,Fos-sur-Mer,commune,13,43.44600000000001,4.898,N,2020-07-30
"(43.44600000000001, 4.898)",171.49821254468637,15831.0,92.31,Fos-sur-Mer,commune,13,43.44600000000001,4.898,N,2020-08-31
"(43.81100000000001, 4.223)",293.5672514619883,1004.0,3.42,Saint-Dionisy,commune,30,43.81100000000001,4.223,D,2020-07-14
"(45.556999999999995, 3.263)",739.6648044692737,14564.0,19.69,Issoire,commune,63,45.556999999999995,3.263,D,2020-07-14
"(42.791000000000004, 2.885)",301.7385257301808,8678.0,28.76,Rivesaltes,commune,66,42.791000000000004,2.885,D,2020-07-14
"(43.12600000000001, 0.988)",57.429352780309934,630.0,10.97,Cassagne,commune,31,43.12600000000001,0.988,N,2020-07-14
"(43.494, 5.178999999999999)",308.82218148487624,13477.0,43.64,Berre-l'Étang,commune,13,43.494,5.178999999999999,N,2020-07-15
"(43.507, 5.209)",679.8396334478808,11870.0,17.46,Rognac,commune,13,43.507,5.209,N,2020-07-16
"(43.50899999999999, 5.19)",308.82218148487624,13477.0,43.64,Berre-l'Étang,commune,13,43.50899999999999,5.19,N,2020-07-16
"(43.821999999999996, 4.3180000000000005)",930.9360518999074,150672.0,161.85,Nîmes,commune,30,43.821999999999996,4.3180000000000005,D,2020-07-16
"(43.528999999999996, 3.929)",2593.697478991597,6173.0,2.38,Palavas-les-Flots,commune,34,43.528999999999996,3.929,D,2020-07-16
"(43.44300000000001, 4.898)",171.49821254468637,15831.0,92.31,Fos-sur-Mer,commune,13,43.44300000000001,4.898,D,2020-07-16
"(43.49800000000001, 5.182)",308.82218148487624,13477.0,43.64,Berre-l'Étang,commune,13,43.49800000000001,5.182,D,2020-07-16
"(51.038000000000004, 2.298)",1102.3320895522388,23634.0,21.44,Grande-Synthe,commune,59,51.038000000000004,2.298,D,2020-07-17
"(43.46100000000001, 4.4830000000000005)",7.154106937882063,2680.0,374.61,Saintes-Maries-de-la-Mer,commune,13,43.46100000000001,4.4830000000000005,D,2020-07-18
"(43.45399999999999, 4.535)",7.154106937882063,2680.0,374.61,Saintes-Maries-de-la-Mer,commune,13,43.45399999999999,4.535,D,2020-07-18
"(48.028999999999996, 0.99)",7.835144927536232,173.0,22.08,Boursay,commune,41,48.028999999999996,0.99,D,2020-07-18
"(43.445, 4.894)",171.49821254468637,15831.0,92.31,Fos-sur-Mer,commune,13,43.445,4.894,N,2020-07-18
"(43.445, 4.894)",171.49821254468637,15831.0,92.31,Fos-sur-Mer,commune,13,43.445,4.894,D,2020-09-02
"(43.445, 4.894)",171.49821254468637,15831.0,92.31,Fos-sur-Mer,commune,13,43.445,4.894,D,2020-10-08
"(43.771, 4.4)",930.9360518999074,150672.0,161.85,Nîmes,commune,30,43.771,4.4,N,2020-07-19
"(43.773, 4.388)",930.9360518999074,150672.0,161.85,Nîmes,commune,30,43.773,4.388,N,2020-07-19
"(46.059, -0.634)",31.4859437751004,784.0,24.9,Bernay-Saint-Martin,commune,17,46.059,-0.634,D,2020-07-19
"(46.06800000000001, -0.631)",31.4859437751004,784.0,24.9,Bernay-Saint-Martin,commune,17,46.06800000000001,-0.631,D,2020-07-19
"(44.071999999999996, -1.2209999999999999)",21.788015905662967,1589.0,72.93,Saint-Julien-en-Born,commune,40,44.071999999999996,-1.2209999999999999,D,2020-07-19
"(44.724, -0.815)",166.4457165812996,16573.0,99.57,Cestas,commune,33,44.724,-0.815,D,2020-07-19
"(46.06, -0.639)",31.4859437751004,784.0,24.9,Bernay-Saint-Martin,commune,17,46.06,-0.639,D,2020-07-19
"(43.94, -0.95)",21.90810085036551,2937.0,134.06,Rion-des-Landes,commune,40,43.94,-0.95,D,2020-07-19
"(46.062, -0.626)",31.4859437751004,784.0,24.9,Bernay-Saint-Martin,commune,17,46.062,-0.626,D,2020-07-19
"(43.938, -0.9620000000000001)",21.90810085036551,2937.0,134.06,Rion-des-Landes,commune,40,43.938,-0.9620000000000001,D,2020-07-19
"(46.07, -0.625)",31.4859437751004,784.0,24.9,Bernay-Saint-Martin,commune,17,46.07,-0.625,N,2020-07-19
"(46.06800000000001, -0.6459999999999999)",31.4859437751004,784.0,24.9,Bernay-Saint-Martin,commune,17,46.06800000000001,-0.6459999999999999,N,2020-07-19
"(47.828, -3.625)",145.32769556025372,6874.0,47.3,Moëlan-sur-Mer,commune,29,47.828,-3.625,N,2020-07-19
"(46.059, -0.623)",31.4859437751004,784.0,24.9,Bernay-Saint-Martin,commune,17,46.059,-0.623,N,2020-07-19
"(46.056999999999995, -0.644)",31.4859437751004,784.0,24.9,Bernay-Saint-Martin,commune,17,46.056999999999995,-0.644,N,2020-07-19
"(46.067, -0.636)",31.4859437751004,784.0,24.9,Bernay-Saint-Martin,commune,17,46.067,-0.636,N,2020-07-20
"(46.063, -0.618)",31.4859437751004,784.0,24.9,Bernay-Saint-Martin,commune,17,46.063,-0.618,N,2020-07-20
"(49.42, 4.217)",28.30601092896175,259.0,9.15,L'Écaille,commune,8,49.42,4.217,D,2020-07-20
"(43.446999999999996, 4.887)",171.49821254468637,15831.0,92.31,Fos-sur-Mer,commune,13,43.446999999999996,4.887,N,2020-07-20
"(43.449, 4.9)",171.49821254468637,15831.0,92.31,Fos-sur-Mer,commune,13,43.449,4.9,N,2020-07-20
"(43.449, 4.9)",171.49821254468637,15831.0,92.31,Fos-sur-Mer,commune,13,43.449,4.9,D,2020-08-03
"(43.449, 4.9)",171.49821254468637,15831.0,92.31,Fos-sur-Mer,commune,13,43.449,4.9,D,2020-09-13
"(49.918, 3.13)",21.59090909090909,114.0,5.28,Vendelles,commune,2,49.918,3.13,D,2020-07-21
"(49.303000000000004, 4.58)",5.264578833693305,195.0,37.04,Semide,commune,8,49.303000000000004,4.58,D,2020-07-21
"(47.391999999999996, -0.563)",311.336032388664,5383.0,17.29,Mûrs-Erigné,commune,49,47.391999999999996,-0.563,D,2020-07-21
"(49.294, 4.5760000000000005)",9.261430246189919,632.0,68.24,Sommepy-Tahure,commune,51,49.294,4.5760000000000005,D,2020-07-21
"(48.739, 2.792)",570.2650290885583,8822.0,15.47,Tournan-en-Brie,commune,77,48.739,2.792,D,2020-07-21
"(49.92, 3.116)",27.99352750809061,173.0,6.18,Hervilly,commune,80,49.92,3.116,D,2020-07-21
"(46.06100000000001, -0.63)",31.4859437751004,784.0,24.9,Bernay-Saint-Martin,commune,17,46.06100000000001,-0.63,D,2020-07-21
"(44.727, -0.818)",166.4457165812996,16573.0,99.57,Cestas,commune,33,44.727,-0.818,D,2020-07-21
"(47.391999999999996, -0.561)",311.336032388664,5383.0,17.29,Mûrs-Erigné,commune,49,47.391999999999996,-0.561,D,2020-07-21
"(43.141999999999996, 3.025)",309.1003700277521,53462.0,172.96,Narbonne,commune,11,43.141999999999996,3.025,D,2020-07-21
"(45.00899999999999, 4.938)",84.24402018872065,3839.0,45.57,Châteauneuf-sur-Isère,commune,26,45.00899999999999,4.938,D,2020-07-21
"(48.82, 4.4319999999999995)",8.791208791208794,176.0,20.02,Cheppes-la-Prairie,commune,51,48.82,4.4319999999999995,D,2020-07-21
"(43.501999999999995, 5.197)",679.8396334478808,11870.0,17.46,Rognac,commune,13,43.501999999999995,5.197,D,2020-07-23
"(43.504, 5.183)",308.82218148487624,13477.0,43.64,Berre-l'Étang,commune,13,43.504,5.183,D,2020-07-23
"(47.621, 6.127999999999999)",232.29166666666663,2007.0,8.64,Noidans-lès-Vesoul,commune,70,47.621,6.127999999999999,D,2020-07-23
"(48.102, 7.3729999999999976)",1055.7908968003603,70284.0,66.57,Colmar,commune,68,48.102,7.3729999999999976,D,2020-07-23
"(47.777, 7.43)",323.77291543465407,5475.0,16.91,Sausheim,commune,68,47.777,7.43,D,2020-07-23
"(44.15, 4.735)",398.3962264150943,29561.0,74.2,Orange,commune,84,44.15,4.735,D,2020-07-23
"(47.505, 6.814)",1687.9413724183878,25336.0,15.01,Montbéliard,commune,25,47.505,6.814,D,2020-07-25
"(44.379, 5.89)",12.1808386038885,520.0,42.69,Ventavon,commune,5,44.379,5.89,D,2020-07-25
"(43.44600000000001, 4.895)",171.49821254468637,15831.0,92.31,Fos-sur-Mer,commune,13,43.44600000000001,4.895,N,2020-07-25
"(51.044, 2.296)",1102.3320895522388,23634.0,21.44,Grande-Synthe,commune,59,51.044,2.296,D,2020-07-26
"(43.44300000000001, 4.894)",171.49821254468637,15831.0,92.31,Fos-sur-Mer,commune,13,43.44300000000001,4.894,D,2020-07-26
"(51.035, 2.283)",1102.3320895522388,23634.0,21.44,Grande-Synthe,commune,59,51.035,2.283,D,2020-07-26
"(47.771, 7.432)",323.77291543465407,5475.0,16.91,Sausheim,commune,68,47.771,7.432,D,2020-07-27
"(48.997, 4.717)",5.826086956521738,134.0,23.0,Herpont,commune,51,48.997,4.717,D,2020-07-27
"(48.992, 4.697)",5.826086956521738,134.0,23.0,Herpont,commune,51,48.992,4.697,D,2020-07-27
"(44.453, -0.615)",15.722222222222221,283.0,18.0,Le Tuzan,commune,33,44.453,-0.615,D,2020-07-27
"(44.45399999999999, -0.578)",15.722222222222221,283.0,18.0,Le Tuzan,commune,33,44.45399999999999,-0.578,D,2020-07-27
"(44.467, -0.616)",15.722222222222221,283.0,18.0,Le Tuzan,commune,33,44.467,-0.616,D,2020-07-27
"(44.471000000000004, -0.589)",18.52701325178389,727.0,39.24,Louchats,commune,33,44.471000000000004,-0.589,D,2020-07-27
"(44.45399999999999, -0.624)",22.9528105482304,1323.0,57.64,Hostens,commune,33,44.45399999999999,-0.624,D,2020-07-27
"(44.456, -0.5870000000000001)",15.722222222222221,283.0,18.0,Le Tuzan,commune,33,44.456,-0.5870000000000001,D,2020-07-27
"(44.468999999999994, -0.58)",15.722222222222221,283.0,18.0,Le Tuzan,commune,33,44.468999999999994,-0.58,D,2020-07-27
"(47.769, 2.1180000000000003)",54.090150250417366,1944.0,35.94,Vienne-en-Val,commune,45,47.769,2.1180000000000003,D,2020-07-27
"(47.768, 2.061)",32.81200127673157,2056.0,62.66,Marcilly-en-Villette,commune,45,47.768,2.061,D,2020-07-27
"(44.468999999999994, -0.569)",18.52701325178389,727.0,39.24,Louchats,commune,33,44.468999999999994,-0.569,N,2020-07-27
"(43.445, 4.902)",171.49821254468637,15831.0,92.31,Fos-sur-Mer,commune,13,43.445,4.902,N,2020-07-27
"(51.04600000000001, 2.2969999999999997)",1102.3320895522388,23634.0,21.44,Grande-Synthe,commune,59,51.04600000000001,2.2969999999999997,N,2020-07-27
"(44.467, -0.595)",15.722222222222221,283.0,18.0,Le Tuzan,commune,33,44.467,-0.595,N,2020-07-27
"(44.47, -0.5760000000000001)",18.52701325178389,727.0,39.24,Louchats,commune,33,44.47,-0.5760000000000001,N,2020-07-27
"(44.465, -0.588)",15.722222222222221,283.0,18.0,Le Tuzan,commune,33,44.465,-0.588,N,2020-07-27
"(44.45399999999999, -0.584)",15.722222222222221,283.0,18.0,Le Tuzan,commune,33,44.45399999999999,-0.584,N,2020-07-27
"(44.458, -0.565)",13.836477987421384,132.0,9.54,Saint-Symphorien,commune,33,44.458,-0.565,N,2020-07-27
"(45.106, 3.531)",33.5706340378198,1509.0,44.95,Mazeyrat-d'Allier,commune,43,45.106,3.531,N,2020-07-27
"(45.104, 3.5180000000000002)",33.5706340378198,1509.0,44.95,Mazeyrat-d'Allier,commune,43,45.104,3.5180000000000002,N,2020-07-27
"(45.107, 3.532)",33.5706340378198,1509.0,44.95,Mazeyrat-d'Allier,commune,43,45.107,3.532,N,2020-07-28
"(46.354, -0.322)",160.1159420289855,5524.0,34.5,La Crèche,commune,79,46.354,-0.322,D,2020-07-28
"(46.452, 2.256)",14.255765199161427,544.0,38.16,Préveranges,commune,18,46.452,2.256,D,2020-07-28
"(47.582, 1.3530000000000002)",1220.2349172450613,45710.0,37.46,Blois,commune,41,47.582,1.3530000000000002,D,2020-07-28
"(47.58, 1.34)",1220.2349172450613,45710.0,37.46,Blois,commune,41,47.58,1.34,D,2020-07-28
"(46.316, 1.203)",8.831448572967151,492.0,55.71,Saint-Léger-Magnazeix,commune,87,46.316,1.203,D,2020-07-29
"(51.023999999999994, 2.287)",1102.3320895522388,23634.0,21.44,Grande-Synthe,commune,59,51.023999999999994,2.287,D,2020-07-29
"(43.446999999999996, 4.897)",171.49821254468637,15831.0,92.31,Fos-sur-Mer,commune,13,43.446999999999996,4.897,N,2020-07-29
"(43.446999999999996, 4.897)",171.49821254468637,15831.0,92.31,Fos-sur-Mer,commune,13,43.446999999999996,4.897,N,2020-08-19
"(48.61, 6.112)",1556.7567567567569,6912.0,4.44,Neuves-Maisons,commune,54,48.61,6.112,N,2020-07-29
"(49.486999999999995, 0.22699999999999998)",357.76830685780715,9234.0,25.81,Gonfreville-l'Orcher,commune,76,49.486999999999995,0.22699999999999998,N,2020-07-30
"(45.845, 5.282)",55.69029850746269,1194.0,21.44,Saint-Vulbas,commune,1,45.845,5.282,D,2020-07-30
"(51.045, 2.305)",2024.9715197083615,88876.0,43.89,Dunkerque,commune,59,51.045,2.305,D,2020-07-30
"(44.725, -0.8170000000000001)",166.4457165812996,16573.0,99.57,Cestas,commune,33,44.725,-0.8170000000000001,D,2020-07-30
"(44.45399999999999, -0.574)",15.722222222222221,283.0,18.0,Le Tuzan,commune,33,44.45399999999999,-0.574,D,2020-07-30
"(51.038000000000004, 2.29)",1102.3320895522388,23634.0,21.44,Grande-Synthe,commune,59,51.038000000000004,2.29,D,2020-07-30
"(51.04, 2.3040000000000003)",1102.3320895522388,23634.0,21.44,Grande-Synthe,commune,59,51.04,2.3040000000000003,D,2020-07-30
"(51.042, 2.318)",2024.9715197083615,88876.0,43.89,Dunkerque,commune,59,51.042,2.318,D,2020-07-30
"(48.716, 2.81)",44.73350253807106,705.0,15.76,Châtres,commune,77,48.716,2.81,D,2020-07-30
"(47.861999999999995, 3.613)",219.5162177020341,3993.0,18.19,Monéteau,commune,89,47.861999999999995,3.613,D,2020-07-30
"(47.48, 1.012)",54.77088948787062,1016.0,18.55,Saint-Ouen-les-Vignes,commune,37,47.48,1.012,D,2020-07-30
"(48.431999999999995, -4.627)",608.6401202103681,8101.0,13.31,Saint-Renan,commune,29,48.431999999999995,-4.627,D,2020-07-30
"(48.427, -4.651)",86.15456455755312,3690.0,42.83,Plouarzel,commune,29,48.427,-4.651,D,2020-07-30
"(48.43600000000001, -4.637)",608.6401202103681,8101.0,13.31,Saint-Renan,commune,29,48.43600000000001,-4.637,D,2020-07-30
"(48.431000000000004, -4.66)",86.15456455755312,3690.0,42.83,Plouarzel,commune,29,48.431000000000004,-4.66,D,2020-07-30
"(43.52, -1.515)",1437.9502413665055,38724.0,26.93,Anglet,commune,64,43.52,-1.515,N,2020-07-30
"(45.081, -1.157)",13.614595210946407,2388.0,175.4,Carcans,commune,33,45.081,-1.157,N,2020-07-30
"(51.043, 2.293)",1102.3320895522388,23634.0,21.44,Grande-Synthe,commune,59,51.043,2.293,N,2020-07-30
"(51.043, 2.298)",1102.3320895522388,23634.0,21.44,Grande-Synthe,commune,59,51.043,2.298,N,2020-07-31
"(47.321999999999996, 4.899)",139.159109645507,1688.0,12.13,Velars-sur-Ouche,commune,21,47.321999999999996,4.899,D,2020-07-31
"(45.278999999999996, 4.603)",86.21312462372066,1432.0,16.61,Saint-Marcel-lès-Annonay,commune,7,45.278999999999996,4.603,D,2020-08-01
"(45.282, 4.618)",86.21312462372066,1432.0,16.61,Saint-Marcel-lès-Annonay,commune,7,45.282,4.618,D,2020-08-01
"(47.77, 7.419)",323.77291543465407,5475.0,16.91,Sausheim,commune,68,47.77,7.419,D,2020-08-01
"(51.025, 2.25)",2024.9715197083615,88876.0,43.89,Dunkerque,commune,59,51.025,2.25,D,2020-08-01
"(43.446999999999996, 4.895)",171.49821254468637,15831.0,92.31,Fos-sur-Mer,commune,13,43.446999999999996,4.895,N,2020-08-02
"(43.446999999999996, 4.895)",171.49821254468637,15831.0,92.31,Fos-sur-Mer,commune,13,43.446999999999996,4.895,D,2020-08-22
"(43.446999999999996, 4.895)",171.49821254468637,15831.0,92.31,Fos-sur-Mer,commune,13,43.446999999999996,4.895,N,2020-09-13
"(43.442, 4.9)",171.49821254468637,15831.0,92.31,Fos-sur-Mer,commune,13,43.442,4.9,D,2020-08-02
"(43.442, 4.9)",171.49821254468637,15831.0,92.31,Fos-sur-Mer,commune,13,43.442,4.9,D,2020-09-06
"(51.044, 2.3040000000000003)",1102.3320895522388,23634.0,21.44,Grande-Synthe,commune,59,51.044,2.3040000000000003,N,2020-08-03
"(43.445, 4.897)",171.49821254468637,15831.0,92.31,Fos-sur-Mer,commune,13,43.445,4.897,N,2020-08-03
"(43.445, 4.897)",171.49821254468637,15831.0,92.31,Fos-sur-Mer,commune,13,43.445,4.897,D,2020-08-19
"(51.042, 2.29)",1102.3320895522388,23634.0,21.44,Grande-Synthe,commune,59,51.042,2.29,N,2020-08-03
"(43.445, 4.896)",171.49821254468637,15831.0,92.31,Fos-sur-Mer,commune,13,43.445,4.896,N,2020-08-04
"(45.88800000000001, 0.257)",24.339207048458146,221.0,9.08,Mouton,commune,16,45.88800000000001,0.257,N,2020-08-04
"(43.401, 5.28)",635.3832442067737,21387.0,33.66,Les Pennes-Mirabeau,commune,13,43.401,5.28,D,2020-08-04
"(45.89100000000001, 0.253)",24.339207048458146,221.0,9.08,Mouton,commune,16,45.89100000000001,0.253,D,2020-08-04
"(43.59, 3.7889999999999997)",328.1988188976378,6669.0,20.32,Pignan,commune,34,43.59,3.7889999999999997,D,2020-08-04
"(44.724, -0.809)",166.4457165812996,16573.0,99.57,Cestas,commune,33,44.724,-0.809,D,2020-08-04
"(47.088, -1.194)",150.7717980809345,3614.0,23.97,Gétigné,commune,44,47.088,-1.194,D,2020-08-04
"(44.81800000000001, 2.245)",16.512059369202227,623.0,37.73,Boisset,commune,15,44.81800000000001,2.245,D,2020-08-04
"(47.08600000000001, -1.207)",150.7717980809345,3614.0,23.97,Gétigné,commune,44,47.08600000000001,-1.207,D,2020-08-04
"(44.935, -0.638)",16.516516516516518,55.0,3.33,Blanquefort,commune,33,44.935,-0.638,D,2020-08-04
"(44.937, -0.625)",16.516516516516518,55.0,3.33,Blanquefort,commune,33,44.937,-0.625,D,2020-08-04
"(45.883, 0.249)",24.339207048458146,221.0,9.08,Mouton,commune,16,45.883,0.249,D,2020-08-04
"(43.382, 5.0489999999999995)",691.5313549832028,49403.0,71.44,Martigues,commune,13,43.382,5.0489999999999995,N,2020-08-04
"(43.36, 5.067)",691.5313549832028,49403.0,71.44,Martigues,commune,13,43.36,5.067,N,2020-08-04
"(43.375, 5.059)",691.5313549832028,49403.0,71.44,Martigues,commune,13,43.375,5.059,N,2020-08-04
"(43.353, 5.075)",691.5313549832028,49403.0,71.44,Martigues,commune,13,43.353,5.075,N,2020-08-04
"(43.357, 5.119)",630.0826446280992,7624.0,12.1,Sausset-les-Pins,commune,13,43.357,5.119,N,2020-08-04
"(43.345, 5.075)",691.5313549832028,49403.0,71.44,Martigues,commune,13,43.345,5.075,N,2020-08-04
"(43.347, 5.092)",691.5313549832028,49403.0,71.44,Martigues,commune,13,43.347,5.092,N,2020-08-04
"(43.332, 5.093999999999999)",630.0826446280992,7624.0,12.1,Sausset-les-Pins,commune,13,43.332,5.093999999999999,N,2020-08-04
"(43.335, 5.099)",630.0826446280992,7624.0,12.1,Sausset-les-Pins,commune,13,43.335,5.099,N,2020-08-04
"(43.351000000000006, 5.0969999999999995)",691.5313549832028,49403.0,71.44,Martigues,commune,13,43.351000000000006,5.0969999999999995,N,2020-08-04
"(43.349, 5.0569999999999995)",691.5313549832028,49403.0,71.44,Martigues,commune,13,43.349,5.0569999999999995,N,2020-08-04
"(43.361000000000004, 5.051)",691.5313549832028,49403.0,71.44,Martigues,commune,13,43.361000000000004,5.051,N,2020-08-04
"(43.345, 5.052)",691.5313549832028,49403.0,71.44,Martigues,commune,13,43.345,5.052,N,2020-08-04
"(43.351000000000006, 5.074)",691.5313549832028,49403.0,71.44,Martigues,commune,13,43.351000000000006,5.074,N,2020-08-05
"(43.349, 5.118)",630.0826446280992,7624.0,12.1,Sausset-les-Pins,commune,13,43.349,5.118,N,2020-08-05
"(47.771, 7.433)",323.77291543465407,5475.0,16.91,Sausheim,commune,68,47.771,7.433,D,2020-08-05
"(43.44600000000001, 4.89)",171.49821254468637,15831.0,92.31,Fos-sur-Mer,commune,13,43.44600000000001,4.89,N,2020-08-05
"(43.44600000000001, 4.89)",171.49821254468637,15831.0,92.31,Fos-sur-Mer,commune,13,43.44600000000001,4.89,D,2020-10-15
"(43.383, 5.013)",691.5313549832028,49403.0,71.44,Martigues,commune,13,43.383,5.013,N,2020-08-05
"(43.448, 4.9030000000000005)",171.49821254468637,15831.0,92.31,Fos-sur-Mer,commune,13,43.448,4.9030000000000005,N,2020-08-05
"(43.448, 4.9030000000000005)",171.49821254468637,15831.0,92.31,Fos-sur-Mer,commune,13,43.448,4.9030000000000005,D,2020-08-31
"(49.57899999999999, 2.8760000000000003)",47.28588661037396,392.0,8.29,Dives,commune,60,49.57899999999999,2.8760000000000003,N,2020-08-05
"(47.01600000000001, 2.472)",31.12547119009155,578.0,18.57,Soye-en-Septaine,commune,18,47.01600000000001,2.472,N,2020-08-05
"(43.448, 4.899)",171.49821254468637,15831.0,92.31,Fos-sur-Mer,commune,13,43.448,4.899,N,2020-08-06
"(43.386, 5.015)",691.5313549832028,49403.0,71.44,Martigues,commune,13,43.386,5.015,N,2020-08-06
"(47.848, 2.2969999999999997)",44.906338208878616,1750.0,38.97,Saint-Martin-d'Abbat,commune,45,47.848,2.2969999999999997,D,2020-08-06
"(47.775, 7.428)",323.77291543465407,5475.0,16.91,Sausheim,commune,68,47.775,7.428,D,2020-08-06
"(48.832, 5.142)",24.258970358814356,311.0,12.82,Chardogne,commune,55,48.832,5.142,D,2020-08-06
"(42.681999999999995, 2.8569999999999998)",1791.3030703687382,121934.0,68.07,Perpignan,commune,66,42.681999999999995,2.8569999999999998,D,2020-08-06
"(44.725, -0.8190000000000001)",166.4457165812996,16573.0,99.57,Cestas,commune,33,44.725,-0.8190000000000001,D,2020-08-06
"(43.67100000000001, 1.2109999999999999)",165.46644844517186,2022.0,12.22,Lévignac,commune,31,43.67100000000001,1.2109999999999999,D,2020-08-06
"(44.722, -0.821)",166.4457165812996,16573.0,99.57,Cestas,commune,33,44.722,-0.821,D,2020-08-06
"(42.732, 2.952)",73.0909090909091,201.0,2.75,Bompas,commune,66,42.732,2.952,D,2020-08-06
"(42.703, 2.875)",1791.3030703687382,121934.0,68.07,Perpignan,commune,66,42.703,2.875,D,2020-08-06
"(42.61, 2.825)",116.87242798353908,1988.0,17.01,Trouillas,commune,66,42.61,2.825,D,2020-08-06
"(42.611999999999995, 2.8369999999999997)",116.87242798353908,1988.0,17.01,Trouillas,commune,66,42.611999999999995,2.8369999999999997,D,2020-08-06
"(42.623999999999995, 2.97)",407.1823204419889,2211.0,5.43,Corneilla-del-Vercol,commune,66,42.623999999999995,2.97,D,2020-08-06
"(42.577, 2.906)",166.53895274584931,1304.0,7.83,Brouilla,commune,66,42.577,2.906,D,2020-08-06
"(42.56399999999999, 2.884)",118.42355175688509,1247.0,10.53,Banyuls-dels-Aspres,commune,66,42.56399999999999,2.884,D,2020-08-06
"(43.379, 5.012)",691.5313549832028,49403.0,71.44,Martigues,commune,13,43.379,5.012,D,2020-08-06
"(50.387, 2.92)",867.0588235294118,2948.0,3.4,Drocourt,commune,62,50.387,2.92,D,2020-08-06
"(46.338, 1.838)",16.53295128939828,577.0,34.9,Chéniers,commune,23,46.338,1.838,D,2020-08-06
"(46.34, 1.851)",16.53295128939828,577.0,34.9,Chéniers,commune,23,46.34,1.851,D,2020-08-06
"(43.37600000000001, 5.022)",691.5313549832028,49403.0,71.44,Martigues,commune,13,43.37600000000001,5.022,N,2020-08-06
"(46.832, 0.092)",24.23117709437964,1371.0,56.58,Saint-Jean-de-Sauves,commune,86,46.832,0.092,N,2020-08-07
"(43.376999999999995, 5.029)",691.5313549832028,49403.0,71.44,Martigues,commune,13,43.376999999999995,5.029,N,2020-08-07
"(49.251999999999995, 0.38299999999999995)",378.68852459016404,1155.0,3.05,Cormeilles,commune,27,49.251999999999995,0.38299999999999995,D,2020-08-07
"(49.254, 0.377)",378.68852459016404,1155.0,3.05,Cormeilles,commune,27,49.254,0.377,D,2020-08-07
"(45.099, -0.138)",39.29372197309417,701.0,17.84,La Clotte,commune,17,45.099,-0.138,D,2020-08-07
"(43.382, 5.021)",691.5313549832028,49403.0,71.44,Martigues,commune,13,43.382,5.021,N,2020-08-08
"(43.386, 5.013999999999999)",691.5313549832028,49403.0,71.44,Martigues,commune,13,43.386,5.013999999999999,N,2020-08-08
"(43.445, 4.89)",171.49821254468637,15831.0,92.31,Fos-sur-Mer,commune,13,43.445,4.89,D,2020-08-08
"(43.378, 5.019)",691.5313549832028,49403.0,71.44,Martigues,commune,13,43.378,5.019,D,2020-08-08
"(48.1, 7.372000000000001)",1055.7908968003603,70284.0,66.57,Colmar,commune,68,48.1,7.372000000000001,D,2020-08-08
"(47.777, 7.435)",323.77291543465407,5475.0,16.91,Sausheim,commune,68,47.777,7.435,D,2020-08-08
"(48.765, -3.0639999999999996)",304.9131723845828,7199.0,23.61,Paimpol,commune,22,48.765,-3.0639999999999996,D,2020-08-08
"(46.825, 4.088)",8.697208303507516,243.0,27.94,Saint-Didier-sur-Arroux,commune,71,46.825,4.088,N,2020-08-08
"(51.044, 2.305)",2024.9715197083615,88876.0,43.89,Dunkerque,commune,59,51.044,2.305,N,2020-08-09
"(51.037, 2.2880000000000003)",1102.3320895522388,23634.0,21.44,Grande-Synthe,commune,59,51.037,2.2880000000000003,N,2020-08-09
"(46.516999999999996, -1.139)",44.68562874251497,597.0,13.36,Saint-Jean-de-Beugné,commune,85,46.516999999999996,-1.139,N,2020-08-09
"(43.44600000000001, 4.9)",171.49821254468637,15831.0,92.31,Fos-sur-Mer,commune,13,43.44600000000001,4.9,N,2020-08-09
"(51.038999999999994, 2.291)",1102.3320895522388,23634.0,21.44,Grande-Synthe,commune,59,51.038999999999994,2.291,D,2020-08-09
"(47.50899999999999, 6.82)",1687.9413724183878,25336.0,15.01,Montbéliard,commune,25,47.50899999999999,6.82,D,2020-08-10
"(47.835, 7.271)",527.088948787062,3911.0,7.42,Staffelfelden,commune,68,47.835,7.271,D,2020-08-10
"(43.446999999999996, 4.888999999999999)",171.49821254468637,15831.0,92.31,Fos-sur-Mer,commune,13,43.446999999999996,4.888999999999999,N,2020-08-10
"(43.449, 4.902)",171.49821254468637,15831.0,92.31,Fos-sur-Mer,commune,13,43.449,4.902,N,2020-08-10
"(43.442, 4.8919999999999995)",171.49821254468637,15831.0,92.31,Fos-sur-Mer,commune,13,43.442,4.8919999999999995,D,2020-08-11
"(43.441, 4.905)",171.49821254468637,15831.0,92.31,Fos-sur-Mer,commune,13,43.441,4.905,D,2020-08-11
"(47.513999999999996, 5.317)",12.406382285900357,381.0,30.71,Bourberain,commune,21,47.513999999999996,5.317,N,2020-08-12
"(47.512, 5.3)",12.406382285900357,381.0,30.71,Bourberain,commune,21,47.512,5.3,D,2020-08-12
"(47.506, 5.303)",12.406382285900357,381.0,30.71,Bourberain,commune,21,47.506,5.303,D,2020-08-12
"(48.707, 2.5660000000000003)",1357.2727272727273,4479.0,3.3,Mandres-les-Roses,commune,94,48.707,2.5660000000000003,D,2020-08-12
"(48.701, 2.541)",1357.2727272727273,4479.0,3.3,Mandres-les-Roses,commune,94,48.701,2.541,D,2020-08-12
"(47.501999999999995, 5.2829999999999995)",12.406382285900357,381.0,30.71,Bourberain,commune,21,47.501999999999995,5.2829999999999995,D,2020-08-12
"(43.451, 4.895)",171.49821254468637,15831.0,92.31,Fos-sur-Mer,commune,13,43.451,4.895,N,2020-08-12
"(43.443999999999996, 4.886)",171.49821254468637,15831.0,92.31,Fos-sur-Mer,commune,13,43.443999999999996,4.886,N,2020-08-13
"(43.443999999999996, 4.886)",171.49821254468637,15831.0,92.31,Fos-sur-Mer,commune,13,43.443999999999996,4.886,N,2020-10-11
"(43.451, 4.901)",171.49821254468637,15831.0,92.31,Fos-sur-Mer,commune,13,43.451,4.901,N,2020-08-13
"(51.034, 2.283)",1102.3320895522388,23634.0,21.44,Grande-Synthe,commune,59,51.034,2.283,D,2020-08-13
"(51.034, 2.283)",1102.3320895522388,23634.0,21.44,Grande-Synthe,commune,59,51.034,2.283,D,2020-09-13
"(51.041000000000004, 2.301)",1102.3320895522388,23634.0,21.44,Grande-Synthe,commune,59,51.041000000000004,2.301,D,2020-08-13
"(51.041000000000004, 2.301)",1102.3320895522388,23634.0,21.44,Grande-Synthe,commune,59,51.041000000000004,2.301,D,2020-09-14
"(47.511, 5.305)",12.406382285900357,381.0,30.71,Bourberain,commune,21,47.511,5.305,D,2020-08-13
"(47.50899999999999, 5.297999999999999)",12.406382285900357,381.0,30.71,Bourberain,commune,21,47.50899999999999,5.297999999999999,D,2020-08-13
"(47.507, 5.296)",12.406382285900357,381.0,30.71,Bourberain,commune,21,47.507,5.296,D,2020-08-13
"(43.527, 5.14)",127.8438769587928,8811.0,68.92,Lançon-Provence,commune,13,43.527,5.14,D,2020-08-13
"(43.449, 4.897)",171.49821254468637,15831.0,92.31,Fos-sur-Mer,commune,13,43.449,4.897,N,2020-08-14
"(43.449, 4.897)",171.49821254468637,15831.0,92.31,Fos-sur-Mer,commune,13,43.449,4.897,D,2020-10-16
"(43.448, 4.907)",171.49821254468637,15831.0,92.31,Fos-sur-Mer,commune,13,43.448,4.907,N,2020-08-15
"(47.596000000000004, -1.07)",12.63823064770932,2400.0,189.9,Vallons-de-l'Erdre,commune,44,47.596000000000004,-1.07,D,2020-08-15
"(43.443999999999996, 4.896)",171.49821254468637,15831.0,92.31,Fos-sur-Mer,commune,13,43.443999999999996,4.896,D,2020-08-15
"(47.538999999999994, 4.706)",2.6020637056976224,58.0,22.29,Billy-lès-Chanceaux,commune,21,47.538999999999994,4.706,N,2020-08-16
"(47.533, 4.709)",2.6020637056976224,58.0,22.29,Billy-lès-Chanceaux,commune,21,47.533,4.709,N,2020-08-16
"(47.773, 7.431)",323.77291543465407,5475.0,16.91,Sausheim,commune,68,47.773,7.431,D,2020-08-17
"(42.507, 2.799)",202.73069679849343,2153.0,10.62,Saint-Jean-Pla-de-Corts,commune,66,42.507,2.799,D,2020-08-21
"(43.44300000000001, 4.919)",171.49821254468637,15831.0,92.31,Fos-sur-Mer,commune,13,43.44300000000001,4.919,N,2020-08-21
"(47.126999999999995, -0.11900000000000001)",81.67892156862743,3999.0,48.96,Montreuil-Bellay,commune,49,47.126999999999995,-0.11900000000000001,N,2020-08-21
"(51.041000000000004, 2.295)",1102.3320895522388,23634.0,21.44,Grande-Synthe,commune,59,51.041000000000004,2.295,N,2020-08-22
"(51.041000000000004, 2.295)",1102.3320895522388,23634.0,21.44,Grande-Synthe,commune,59,51.041000000000004,2.295,D,2020-09-02
"(43.453, 4.901)",171.49821254468637,15831.0,92.31,Fos-sur-Mer,commune,13,43.453,4.901,N,2020-08-23
"(43.449, 4.8839999999999995)",171.49821254468637,15831.0,92.31,Fos-sur-Mer,commune,13,43.449,4.8839999999999995,N,2020-08-23
"(43.364, 3.383)",176.49186256781198,4880.0,27.65,Bessan,commune,34,43.364,3.383,D,2020-08-24
"(44.816, 5.016)",26.760563380281692,247.0,9.23,Ourches,commune,26,44.816,5.016,D,2020-08-24
"(44.809, 5.0)",78.34101382488478,1530.0,19.53,Upie,commune,26,44.809,5.0,D,2020-08-24
"(44.232, 4.047)",65.61085972850678,1160.0,17.68,Laval-Pradel,commune,30,44.232,4.047,D,2020-08-24
"(43.445, 4.9)",171.49821254468637,15831.0,92.31,Fos-sur-Mer,commune,13,43.445,4.9,D,2020-08-24
"(51.042, 2.296)",1102.3320895522388,23634.0,21.44,Grande-Synthe,commune,59,51.042,2.296,D,2020-08-24
"(43.271, 0.068)",314.4200626959248,5015.0,15.95,Bordères-sur-l'Échez,commune,65,43.271,0.068,N,2020-08-24
"(43.269, 0.055999999999999994)",314.4200626959248,5015.0,15.95,Bordères-sur-l'Échez,commune,65,43.269,0.055999999999999994,N,2020-08-24
"(43.27, 0.066)",314.4200626959248,5015.0,15.95,Bordères-sur-l'Échez,commune,65,43.27,0.066,D,2020-08-25
"(47.51, 6.817)",1687.9413724183878,25336.0,15.01,Montbéliard,commune,25,47.51,6.817,D,2020-08-26
"(44.305, 5.502999999999999)",3.3137194177764013,107.0,32.29,Montauban-sur-l'Ouvèze,commune,26,44.305,5.502999999999999,N,2020-08-26
"(43.445, 4.901)",171.49821254468637,15831.0,92.31,Fos-sur-Mer,commune,13,43.445,4.901,N,2020-08-26
"(44.29, 5.5360000000000005)",3.3137194177764013,107.0,32.29,Montauban-sur-l'Ouvèze,commune,26,44.29,5.5360000000000005,N,2020-08-27
"(44.301, 5.539)",1.8151815181518156,44.0,24.24,Chauvac-Laux-Montaux,commune,26,44.301,5.539,N,2020-08-27
"(44.287, 5.5420000000000025)",3.3137194177764013,107.0,32.29,Montauban-sur-l'Ouvèze,commune,26,44.287,5.5420000000000025,N,2020-08-27
"(44.288999999999994, 5.537999999999999)",3.3137194177764013,107.0,32.29,Montauban-sur-l'Ouvèze,commune,26,44.288999999999994,5.537999999999999,N,2020-08-27
"(45.363, 1.104)",28.77384196185286,528.0,18.35,Saint-Médard-d'Excideuil,commune,24,45.363,1.104,D,2020-08-29
"(51.034, 2.239)",174.51640033641715,6225.0,35.67,Loon-Plage,commune,59,51.034,2.239,N,2020-08-30
"(51.028999999999996, 2.249)",2024.9715197083615,88876.0,43.89,Dunkerque,commune,59,51.028999999999996,2.249,D,2020-08-31
"(43.979, 4.921)",1004.7406082289804,11233.0,11.18,Vedène,commune,84,43.979,4.921,D,2020-09-02
"(48.1, 7.374)",1055.7908968003603,70284.0,66.57,Colmar,commune,68,48.1,7.374,D,2020-09-02
"(47.773, 7.426)",323.77291543465407,5475.0,16.91,Sausheim,commune,68,47.773,7.426,D,2020-09-02
"(43.449, 4.899)",171.49821254468637,15831.0,92.31,Fos-sur-Mer,commune,13,43.449,4.899,N,2020-09-02
"(43.45, 4.893)",171.49821254468637,15831.0,92.31,Fos-sur-Mer,commune,13,43.45,4.893,N,2020-09-02
"(43.452, 4.893)",171.49821254468637,15831.0,92.31,Fos-sur-Mer,commune,13,43.452,4.893,N,2020-09-03
"(43.449, 4.908)",171.49821254468637,15831.0,92.31,Fos-sur-Mer,commune,13,43.449,4.908,N,2020-09-03
"(44.726000000000006, -0.82)",166.4457165812996,16573.0,99.57,Cestas,commune,33,44.726000000000006,-0.82,D,2020-09-03
"(45.042, 0.155)",117.95425118687956,5466.0,46.34,Montpon-Ménestérol,commune,24,45.042,0.155,D,2020-09-03
"(45.043, 0.168)",117.95425118687956,5466.0,46.34,Montpon-Ménestérol,commune,24,45.043,0.168,D,2020-09-03
"(47.363, -1.724)",56.096256684491976,2098.0,37.4,Notre-Dame-des-Landes,commune,44,47.363,-1.724,D,2020-09-03
"(43.726000000000006, 6.317)",2.370331496545089,271.0,114.33,Aiguines,commune,83,43.726000000000006,6.317,D,2020-09-04
"(47.521, 0.027000000000000003)",22.04192021636241,326.0,14.79,Lasse,commune,49,47.521,0.027000000000000003,D,2020-09-04
"(43.442, 4.897)",171.49821254468637,15831.0,92.31,Fos-sur-Mer,commune,13,43.442,4.897,D,2020-09-04
"(48.20399999999999, 6.433)",905.9009483667019,8597.0,9.49,Golbey,commune,88,48.20399999999999,6.433,D,2020-09-04
"(47.519, 0.009000000000000001)",22.04192021636241,326.0,14.79,Lasse,commune,49,47.519,0.009000000000000001,N,2020-09-04
"(45.409, 4.492)",28.723404255319146,999.0,34.78,La Valla-en-Gier,commune,42,45.409,4.492,N,2020-09-04
"(45.413999999999994, 4.4860000000000015)",28.723404255319146,999.0,34.78,La Valla-en-Gier,commune,42,45.413999999999994,4.4860000000000015,N,2020-09-05
"(43.446999999999996, 4.9030000000000005)",171.49821254468637,15831.0,92.31,Fos-sur-Mer,commune,13,43.446999999999996,4.9030000000000005,N,2020-09-05
"(45.412, 4.499)",28.723404255319146,999.0,34.78,La Valla-en-Gier,commune,42,45.412,4.499,N,2020-09-05
"(43.57, 2.158)",107.3143495254048,1922.0,17.91,Viviers-lès-Montagnes,commune,81,43.57,2.158,D,2020-09-05
"(44.723, -0.813)",166.4457165812996,16573.0,99.57,Cestas,commune,33,44.723,-0.813,D,2020-09-05
"(43.44300000000001, 0.040999999999999995)",110.70780399274048,2440.0,22.04,Maubourguet,commune,65,43.44300000000001,0.040999999999999995,D,2020-09-05
"(51.04, 2.305)",1102.3320895522388,23634.0,21.44,Grande-Synthe,commune,59,51.04,2.305,D,2020-09-06
"(51.032, 2.283)",1102.3320895522388,23634.0,21.44,Grande-Synthe,commune,59,51.032,2.283,D,2020-09-06
"(51.033, 2.278)",1102.3320895522388,23634.0,21.44,Grande-Synthe,commune,59,51.033,2.278,D,2020-09-06
"(51.032, 2.278)",1102.3320895522388,23634.0,21.44,Grande-Synthe,commune,59,51.032,2.278,N,2020-09-06
"(48.489, 3.645)",61.17065127782357,742.0,12.13,Gélannes,commune,10,48.489,3.645,N,2020-09-06
"(48.937, 2.9189999999999996)",770.4724409448819,5871.0,7.62,Nanteuil-lès-Meaux,commune,77,48.937,2.9189999999999996,D,2020-09-07
"(51.034, 2.289)",1102.3320895522388,23634.0,21.44,Grande-Synthe,commune,59,51.034,2.289,D,2020-09-07
"(48.949, 2.909)",3593.3110367892973,53720.0,14.95,Meaux,commune,77,48.949,2.909,D,2020-09-07
"(46.81800000000001, 1.7790000000000001)",30.581761006289305,778.0,25.44,Diors,commune,36,46.81800000000001,1.7790000000000001,D,2020-09-07
"(48.983000000000004, 1.7590000000000001)",651.7316017316017,3011.0,4.62,Porcheville,commune,78,48.983000000000004,1.7590000000000001,D,2020-09-07
"(44.968, -0.735)",105.15337423312886,3428.0,32.6,Arsac,commune,33,44.968,-0.735,D,2020-09-07
"(44.836999999999996, 0.19699999999999998)",136.62663755458516,2503.0,18.32,Port-Sainte-Foy-et-Ponchapt,commune,33,44.836999999999996,0.19699999999999998,D,2020-09-07
"(45.538999999999994, 4.288)",610.9950859950859,9947.0,16.28,Andrézieux-Bouthéon,commune,42,45.538999999999994,4.288,D,2020-09-07
"(43.525, 5.167999999999998)",308.82218148487624,13477.0,43.64,Berre-l'Étang,commune,13,43.525,5.167999999999998,D,2020-09-07
"(45.303999999999995, 3.818)",61.88192987713515,2065.0,33.37,Craponne-sur-Arzon,commune,43,45.303999999999995,3.818,D,2020-09-07
"(46.903999999999996, 0.585)",28.956834532374106,322.0,11.12,Ingrandes,commune,86,46.903999999999996,0.585,D,2020-09-07
"(44.559, 3.9339999999999997)",4.095617529880478,257.0,62.75,Prévenchères,commune,48,44.559,3.9339999999999997,D,2020-09-07
"(44.556999999999995, 3.9219999999999997)",4.095617529880478,257.0,62.75,Prévenchères,commune,48,44.556999999999995,3.9219999999999997,D,2020-09-07
"(47.673, 0.324)",50.49767750497678,1522.0,30.14,Vaas,commune,72,47.673,0.324,D,2020-09-07
"(49.181000000000004, 4.8)",7.0393374741200825,34.0,4.83,Malmy,commune,51,49.181000000000004,4.8,D,2020-09-07
"(45.791000000000004, 3.11)",3313.7567377548626,141398.0,42.67,Clermont-Ferrand,commune,63,45.791000000000004,3.11,D,2020-09-07
"(47.478, 0.451)",37.789150460593646,1846.0,48.85,Ambillou,commune,37,47.478,0.451,D,2020-09-07
"(48.608999999999995, 4.33)",5.445278969957081,203.0,37.28,Saint-Ouen-Domprot,commune,51,48.608999999999995,4.33,D,2020-09-07
"(48.611000000000004, 4.343999999999999)",5.445278969957081,203.0,37.28,Saint-Ouen-Domprot,commune,51,48.611000000000004,4.343999999999999,D,2020-09-07
"(44.24100000000001, -0.39399999999999996)",3.6415405364903344,243.0,66.73,Lucmau,commune,33,44.24100000000001,-0.39399999999999996,D,2020-09-07
"(47.351000000000006, 0.64)",1158.1302067263189,37535.0,32.41,Joué-lès-Tours,commune,37,47.351000000000006,0.64,D,2020-09-07
"(44.458, -0.6829999999999999)",22.9528105482304,1323.0,57.64,Hostens,commune,33,44.458,-0.6829999999999999,N,2020-09-07
"(46.732, 4.45)",55.63413484205564,1180.0,21.21,Saint-Eusèbe,commune,71,46.732,4.45,D,2020-09-09
"(44.727, -0.815)",166.4457165812996,16573.0,99.57,Cestas,commune,33,44.727,-0.815,D,2020-09-09
"(44.494, -0.6940000000000001)",22.9528105482304,1323.0,57.64,Hostens,commune,33,44.494,-0.6940000000000001,D,2020-09-09
"(44.488, -0.684)",22.9528105482304,1323.0,57.64,Hostens,commune,33,44.488,-0.684,D,2020-09-09
"(47.771, 7.4289999999999985)",323.77291543465407,5475.0,16.91,Sausheim,commune,68,47.771,7.4289999999999985,D,2020-09-09
"(48.943999999999996, 2.908)",3593.3110367892973,53720.0,14.95,Meaux,commune,77,48.943999999999996,2.908,D,2020-09-09
"(46.504, 3.697)",67.3022134560596,3071.0,45.63,Dompierre-sur-Besbre,commune,3,46.504,3.697,D,2020-09-09
"(51.044, 2.316)",2024.9715197083615,88876.0,43.89,Dunkerque,commune,59,51.044,2.316,D,2020-09-09
"(44.49, -0.696)",22.9528105482304,1323.0,57.64,Hostens,commune,33,44.49,-0.696,N,2020-09-09
"(44.492, -0.684)",22.9528105482304,1323.0,57.64,Hostens,commune,33,44.492,-0.684,N,2020-09-09
"(44.49100000000001, -0.68)",22.9528105482304,1323.0,57.64,Hostens,commune,33,44.49100000000001,-0.68,N,2020-09-10
"(47.155, -1.679)",527.8380332610268,7300.0,13.83,Bouaye,commune,44,47.155,-1.679,D,2020-09-10
"(51.032, 2.286)",1102.3320895522388,23634.0,21.44,Grande-Synthe,commune,59,51.032,2.286,D,2020-09-11
"(51.041000000000004, 2.3080000000000003)",2024.9715197083615,88876.0,43.89,Dunkerque,commune,59,51.041000000000004,2.3080000000000003,D,2020-09-11
"(43.846000000000004, 4.93)",177.77777777777774,816.0,4.59,Verquières,commune,13,43.846000000000004,4.93,D,2020-09-11
"(42.65, 2.807)",202.97532656023225,2797.0,13.78,Ponteilla,commune,66,42.65,2.807,D,2020-09-11
"(44.223, -0.14300000000000002)",2.083333333333333,133.0,63.84,Maillas,commune,47,44.223,-0.14300000000000002,N,2020-09-11
"(47.229, -0.159)",52.92259083728278,670.0,12.66,Rou-Marson,commune,49,47.229,-0.159,N,2020-09-11
"(47.227, -0.172)",71.85185185185186,582.0,8.1,Les Ulmes,commune,49,47.227,-0.172,N,2020-09-11
"(51.034, 2.281)",1102.3320895522388,23634.0,21.44,Grande-Synthe,commune,59,51.034,2.281,N,2020-09-11
"(47.231, -0.159)",52.92259083728278,670.0,12.66,Rou-Marson,commune,49,47.231,-0.159,N,2020-09-12
"(47.351000000000006, 2.75)",17.565155301677972,492.0,28.01,Menetou-Râtel,commune,18,47.351000000000006,2.75,N,2020-09-12
"(51.033, 2.289)",1102.3320895522388,23634.0,21.44,Grande-Synthe,commune,59,51.033,2.289,N,2020-09-12
"(51.033, 2.289)",1102.3320895522388,23634.0,21.44,Grande-Synthe,commune,59,51.033,2.289,D,2020-09-12
"(49.762, 3.385)",93.05084745762713,549.0,5.9,Alaincourt,commune,2,49.762,3.385,N,2020-09-12
"(44.979, -0.747)",105.15337423312886,3428.0,32.6,Arsac,commune,33,44.979,-0.747,D,2020-09-12
"(48.203, 6.428999999999999)",905.9009483667019,8597.0,9.49,Golbey,commune,88,48.203,6.428999999999999,D,2020-09-12
"(44.972, -0.732)",105.15337423312886,3428.0,32.6,Arsac,commune,33,44.972,-0.732,D,2020-09-12
"(44.97, -0.7440000000000001)",105.15337423312886,3428.0,32.6,Arsac,commune,33,44.97,-0.7440000000000001,D,2020-09-12
"(51.032, 2.276)",1102.3320895522388,23634.0,21.44,Grande-Synthe,commune,59,51.032,2.276,N,2020-09-13
"(51.037, 2.291)",1102.3320895522388,23634.0,21.44,Grande-Synthe,commune,59,51.037,2.291,D,2020-09-13
"(51.037, 2.291)",1102.3320895522388,23634.0,21.44,Grande-Synthe,commune,59,51.037,2.291,D,2020-10-06
"(42.858000000000004, -0.475)",4.735700514138816,1179.0,248.96,Laruns,commune,64,42.858000000000004,-0.475,D,2020-09-13
"(42.858999999999995, -0.48)",4.735700514138816,1179.0,248.96,Laruns,commune,64,42.858999999999995,-0.48,D,2020-09-13
"(45.294, -0.191)",45.33762057877814,987.0,21.77,Chevanceaux,commune,17,45.294,-0.191,N,2020-09-13
"(51.038999999999994, 2.292)",1102.3320895522388,23634.0,21.44,Grande-Synthe,commune,59,51.038999999999994,2.292,N,2020-09-13
"(51.04600000000001, 2.299)",1102.3320895522388,23634.0,21.44,Grande-Synthe,commune,59,51.04600000000001,2.299,N,2020-09-14
"(51.028, 2.274)",1102.3320895522388,23634.0,21.44,Grande-Synthe,commune,59,51.028,2.274,D,2020-09-14
"(46.832, 0.669)",18.775847808105873,454.0,24.18,Saint-Sauveur,commune,86,46.832,0.669,D,2020-09-14
"(42.643, 2.9739999999999998)",649.0636704119851,3466.0,5.34,Alénya,commune,66,42.643,2.9739999999999998,D,2020-09-14
"(45.198, -1.028)",18.32020997375328,3490.0,190.5,Hourtin,commune,33,45.198,-1.028,D,2020-09-14
"(44.726000000000006, -0.8140000000000001)",166.4457165812996,16573.0,99.57,Cestas,commune,33,44.726000000000006,-0.8140000000000001,D,2020-09-14
"(44.986000000000004, -0.747)",54.68989280245023,2857.0,52.24,Avensan,commune,33,44.986000000000004,-0.747,D,2020-09-14
"(42.908, -0.39899999999999997)",4.735700514138816,1179.0,248.96,Laruns,commune,64,42.908,-0.39899999999999997,D,2020-09-14
"(44.964, -0.727)",105.15337423312886,3428.0,32.6,Arsac,commune,33,44.964,-0.727,D,2020-09-14
"(42.647, 2.9560000000000004)",831.5359477124182,5089.0,6.12,Saleilles,commune,66,42.647,2.9560000000000004,D,2020-09-14
"(44.983999999999995, -0.7340000000000001)",105.15337423312886,3428.0,32.6,Arsac,commune,33,44.983999999999995,-0.7340000000000001,D,2020-09-14
"(44.973, -0.7240000000000001)",105.15337423312886,3428.0,32.6,Arsac,commune,33,44.973,-0.7240000000000001,D,2020-09-14
"(43.06100000000001, 0.081)",23.191278493557977,234.0,10.09,Labassère,commune,65,43.06100000000001,0.081,D,2020-09-14
"(47.482, 0.465)",37.789150460593646,1846.0,48.85,Ambillou,commune,37,47.482,0.465,D,2020-09-14
"(43.058, 0.095)",23.191278493557977,234.0,10.09,Labassère,commune,65,43.058,0.095,D,2020-09-14
"(45.193999999999996, -0.141)",25.854483925549914,764.0,29.55,Le Fouilloux,commune,17,45.193999999999996,-0.141,D,2020-09-14
"(45.608999999999995, 0.053)",259.5238095238095,2398.0,9.24,Nersac,commune,16,45.608999999999995,0.053,D,2020-09-14
"(45.607, 0.067)",102.43373493975905,4251.0,41.5,Roullet-Saint-Estèphe,commune,16,45.607,0.067,D,2020-09-14
"(42.64100000000001, 2.968)",649.0636704119851,3466.0,5.34,Alénya,commune,66,42.64100000000001,2.968,D,2020-09-14
"(45.185, -0.14400000000000002)",25.854483925549914,764.0,29.55,Le Fouilloux,commune,17,45.185,-0.14400000000000002,D,2020-09-14
"(42.645, 2.95)",395.4451345755692,1910.0,4.83,Théza,commune,66,42.645,2.95,D,2020-09-14
"(47.085, -1.198)",150.7717980809345,3614.0,23.97,Gétigné,commune,44,47.085,-1.198,D,2020-09-14
"(42.97, 2.233)",30.347734457323494,288.0,9.49,Antugnac,commune,11,42.97,2.233,D,2020-09-14
"(47.278999999999996, 1.632)",67.17477003942182,2556.0,38.05,Gièvres,commune,41,47.278999999999996,1.632,D,2020-09-14
"(43.503, 1.295)",339.8653998416469,8585.0,25.26,Seysses,commune,31,43.503,1.295,D,2020-09-14
"(45.604, 0.066)",102.43373493975905,4251.0,41.5,Roullet-Saint-Estèphe,commune,16,45.604,0.066,D,2020-09-14
"(45.398, 1.556)",121.13207547169809,2889.0,23.85,Uzerche,commune,19,45.398,1.556,D,2020-09-14
"(45.39100000000001, 1.571)",28.069364161849713,1214.0,43.25,Vigeois,commune,19,45.39100000000001,1.571,D,2020-09-14
"(45.602, 0.053)",102.43373493975905,4251.0,41.5,Roullet-Saint-Estèphe,commune,16,45.602,0.053,D,2020-09-14
"(44.968999999999994, -0.7440000000000001)",105.15337423312886,3428.0,32.6,Arsac,commune,33,44.968999999999994,-0.7440000000000001,D,2020-09-14
"(43.056000000000004, 0.081)",23.191278493557977,234.0,10.09,Labassère,commune,65,43.056000000000004,0.081,D,2020-09-14
"(48.07899999999999, 0.125)",251.39289145052837,2617.0,10.41,La Milesse,commune,72,48.07899999999999,0.125,D,2020-09-14
"(51.028999999999996, 2.289)",1102.3320895522388,23634.0,21.44,Grande-Synthe,commune,59,51.028999999999996,2.289,N,2020-09-14
"(47.438, 2.122)",11.055276381909547,1100.0,99.5,Souesmes,commune,41,47.438,2.122,N,2020-09-14
"(47.438, 2.141)",11.055276381909547,1100.0,99.5,Souesmes,commune,41,47.438,2.141,N,2020-09-15
"(51.03, 2.2880000000000003)",1102.3320895522388,23634.0,21.44,Grande-Synthe,commune,59,51.03,2.2880000000000003,D,2020-09-15
"(51.026, 2.281)",1102.3320895522388,23634.0,21.44,Grande-Synthe,commune,59,51.026,2.281,D,2020-09-15
"(45.325, 4.98)",106.02620087336244,1214.0,11.45,Lapeyrouse-Mornay,commune,26,45.325,4.98,D,2020-09-15
"(45.32100000000001, 4.989)",106.02620087336244,1214.0,11.45,Lapeyrouse-Mornay,commune,26,45.32100000000001,4.989,D,2020-09-15
"(51.03, 2.285)",1102.3320895522388,23634.0,21.44,Grande-Synthe,commune,59,51.03,2.285,D,2020-09-15
"(43.443999999999996, 4.904)",171.49821254468637,15831.0,92.31,Fos-sur-Mer,commune,13,43.443999999999996,4.904,N,2020-09-15
"(51.028, 2.244)",2024.9715197083615,88876.0,43.89,Dunkerque,commune,59,51.028,2.244,N,2020-09-15
"(43.453, 4.8919999999999995)",171.49821254468637,15831.0,92.31,Fos-sur-Mer,commune,13,43.453,4.8919999999999995,N,2020-09-16
"(43.452, 4.9060000000000015)",171.49821254468637,15831.0,92.31,Fos-sur-Mer,commune,13,43.452,4.9060000000000015,N,2020-09-16
"(43.769, 2.208)",28.44638949671772,780.0,27.42,Vénès,commune,81,43.769,2.208,D,2020-09-16
"(43.747, 4.363)",166.85902720527616,4048.0,24.26,Générac,commune,30,43.747,4.363,D,2020-09-16
"(43.782, 4.521)",152.2909252669039,6847.0,44.96,Bellegarde,commune,30,43.782,4.521,D,2020-09-16
"(44.724, -0.8190000000000001)",166.4457165812996,16573.0,99.57,Cestas,commune,33,44.724,-0.8190000000000001,D,2020-09-16
"(46.153999999999996, 2.8280000000000003)",168.38534599728632,3723.0,22.11,Saint-Éloy-les-Mines,commune,63,46.153999999999996,2.8280000000000003,D,2020-09-16
"(43.785, 4.506)",253.2879818594104,6702.0,26.46,Manduel,commune,30,43.785,4.506,D,2020-09-16
"(43.815, 4.5710000000000015)",172.9362101313321,3687.0,21.32,Jonquières-Saint-Vincent,commune,30,43.815,4.5710000000000015,D,2020-09-16
"(43.81800000000001, 4.556)",172.9362101313321,3687.0,21.32,Jonquières-Saint-Vincent,commune,30,43.81800000000001,4.556,D,2020-09-16
"(51.037, 2.285)",1102.3320895522388,23634.0,21.44,Grande-Synthe,commune,59,51.037,2.285,D,2020-09-16
"(43.442, 4.898)",171.49821254468637,15831.0,92.31,Fos-sur-Mer,commune,13,43.442,4.898,D,2020-09-16
"(44.236999999999995, -0.762)",3.2050473186119874,254.0,79.25,Trensacq,commune,40,44.236999999999995,-0.762,D,2020-09-16
"(44.236000000000004, -0.7490000000000001)",3.2050473186119874,254.0,79.25,Trensacq,commune,40,44.236000000000004,-0.7490000000000001,D,2020-09-16
"(43.978, 4.928999999999999)",506.8799034399517,8399.0,16.57,Entraigues-sur-la-Sorgue,commune,84,43.978,4.928999999999999,D,2020-09-16
"(46.38399999999999, 3.303)",41.29141886151232,486.0,11.77,Monétay-sur-Allier,commune,3,46.38399999999999,3.303,D,2020-09-16
"(43.771, 2.195)",235.7990230286113,3379.0,14.33,Réalmont,commune,81,43.771,2.195,D,2020-09-16
"(46.64100000000001, 3.3810000000000002)",17.143587123147675,671.0,39.14,Gennetines,commune,3,46.64100000000001,3.3810000000000002,D,2020-09-16
"(44.615, -0.825)",65.98500836911433,9067.0,137.41,Mios,commune,33,44.615,-0.825,D,2020-09-16
"(43.44300000000001, 4.901)",171.49821254468637,15831.0,92.31,Fos-sur-Mer,commune,13,43.44300000000001,4.901,D,2020-09-16
"(43.678999999999995, 3.176)",20.806164789567283,351.0,16.87,Lunas,commune,34,43.678999999999995,3.176,D,2020-09-16
"(46.306999999999995, 2.73)",68.49662162162164,811.0,11.84,Malicorne,commune,3,46.306999999999995,2.73,D,2020-09-16
"(46.61, 0.7959999999999999)",13.535353535353535,469.0,34.65,Paizay-le-Sec,commune,86,46.61,0.7959999999999999,D,2020-09-16
"(44.226000000000006, -0.767)",3.2050473186119874,254.0,79.25,Trensacq,commune,40,44.226000000000006,-0.767,D,2020-09-16
"(43.782, 4.513999999999999)",152.2909252669039,6847.0,44.96,Bellegarde,commune,30,43.782,4.513999999999999,D,2020-09-16
"(44.619, -0.807)",50.13045098770035,5380.0,107.32,Le Barp,commune,33,44.619,-0.807,D,2020-09-16
"(43.808, 4.558)",172.9362101313321,3687.0,21.32,Jonquières-Saint-Vincent,commune,30,43.808,4.558,D,2020-09-16
"(46.146, 2.825)",168.38534599728632,3723.0,22.11,Saint-Éloy-les-Mines,commune,63,46.146,2.825,D,2020-09-16
"(44.626999999999995, -0.815)",65.98500836911433,9067.0,137.41,Mios,commune,33,44.626999999999995,-0.815,N,2020-09-16
"(44.213, -0.387)",3.6415405364903344,243.0,66.73,Lucmau,commune,33,44.213,-0.387,N,2020-09-16
"(43.443999999999996, 4.899)",171.49821254468637,15831.0,92.31,Fos-sur-Mer,commune,13,43.443999999999996,4.899,N,2020-09-16
"(51.032, 2.251)",2024.9715197083615,88876.0,43.89,Dunkerque,commune,59,51.032,2.251,N,2020-09-17
"(43.448, 4.905)",171.49821254468637,15831.0,92.31,Fos-sur-Mer,commune,13,43.448,4.905,N,2020-09-17
"(44.22, -0.377)",3.6415405364903344,243.0,66.73,Lucmau,commune,33,44.22,-0.377,D,2020-09-17
"(44.215, -0.373)",3.6415405364903344,243.0,66.73,Lucmau,commune,33,44.215,-0.373,D,2020-09-17
"(44.207, -0.38299999999999995)",4.088180500931484,395.0,96.62,Lencouacq,commune,40,44.207,-0.38299999999999995,D,2020-09-17
"(46.922, 3.9939999999999998)",8.467182232797937,427.0,50.43,Villapourçon,commune,58,46.922,3.9939999999999998,D,2020-09-17
"(46.928000000000004, 3.983)",8.467182232797937,427.0,50.43,Villapourçon,commune,58,46.928000000000004,3.983,D,2020-09-17
"(44.211999999999996, -0.37)",10.625995139529037,1268.0,119.33,Captieux,commune,33,44.211999999999996,-0.37,D,2020-09-17
"(44.21100000000001, -0.387)",3.6415405364903344,243.0,66.73,Lucmau,commune,33,44.21100000000001,-0.387,D,2020-09-17
"(44.221000000000004, -0.389)",3.6415405364903344,243.0,66.73,Lucmau,commune,33,44.221000000000004,-0.389,D,2020-09-17
"(42.986000000000004, 2.142)",5.616740088105726,51.0,9.08,Bourigeole,commune,11,42.986000000000004,2.142,D,2020-09-17
"(44.223, -0.3720000000000001)",3.6415405364903344,243.0,66.73,Lucmau,commune,33,44.223,-0.3720000000000001,D,2020-09-17
"(47.858999999999995, 0.37799999999999995)",62.80231335436383,2389.0,38.04,Saint-Mars-d'Outillé,commune,72,47.858999999999995,0.37799999999999995,D,2020-09-17
"(47.857, 0.35600000000000004)",62.80231335436383,2389.0,38.04,Saint-Mars-d'Outillé,commune,72,47.857,0.35600000000000004,D,2020-09-17
"(45.13800000000001, -0.295)",19.37984496124031,500.0,25.8,Lapouyade,commune,33,45.13800000000001,-0.295,N,2020-09-17
"(45.129, -0.331)",56.7579127459367,2654.0,46.76,Laruscade,commune,33,45.129,-0.331,N,2020-09-17
"(49.012, 5.4670000000000005)",20.122417750573828,263.0,13.07,Troyon,commune,55,49.012,5.4670000000000005,N,2020-09-17
"(45.13, -0.33)",56.7579127459367,2654.0,46.76,Laruscade,commune,33,45.13,-0.33,N,2020-09-17
"(45.12300000000001, -0.324)",56.7579127459367,2654.0,46.76,Laruscade,commune,33,45.12300000000001,-0.324,N,2020-09-17
"(43.918, 4.795)",1419.3498690494532,92130.0,64.91,Avignon,commune,84,43.918,4.795,D,2020-09-18
"(51.041000000000004, 2.299)",1102.3320895522388,23634.0,21.44,Grande-Synthe,commune,59,51.041000000000004,2.299,D,2020-09-18
"(43.794, 5.892)",37.834725021595176,2628.0,69.46,Gréoux-les-Bains,commune,4,43.794,5.892,D,2020-09-18
"(43.92, 4.783)",1419.3498690494532,92130.0,64.91,Avignon,commune,13,43.92,4.783,D,2020-09-18
"(47.773999999999994, 7.4289999999999985)",323.77291543465407,5475.0,16.91,Sausheim,commune,68,47.773999999999994,7.4289999999999985,D,2020-09-18
"(44.907, 4.0169999999999995)",6.162843004948268,137.0,22.23,Présailles,commune,43,44.907,4.0169999999999995,D,2020-09-18
"(44.898, 4.021)",6.162843004948268,137.0,22.23,Présailles,commune,43,44.898,4.021,D,2020-09-18
"(50.441, 2.6310000000000002)",514.3094841930117,6182.0,12.02,Hersin-Coupigny,commune,62,50.441,2.6310000000000002,D,2020-09-18
"(48.559, 3.77)",85.00563697857949,1508.0,17.74,Saint-Just-Sauvage,commune,51,48.559,3.77,D,2020-09-18
"(48.556000000000004, 3.755)",85.00563697857949,1508.0,17.74,Saint-Just-Sauvage,commune,51,48.556000000000004,3.755,D,2020-09-18
"(51.044, 2.298)",1102.3320895522388,23634.0,21.44,Grande-Synthe,commune,59,51.044,2.298,N,2020-09-19
"(51.043, 2.305)",1102.3320895522388,23634.0,21.44,Grande-Synthe,commune,59,51.043,2.305,D,2020-09-19
"(51.037, 2.295)",1102.3320895522388,23634.0,21.44,Grande-Synthe,commune,59,51.037,2.295,D,2020-09-19
"(47.772, 7.422999999999999)",323.77291543465407,5475.0,16.91,Sausheim,commune,68,47.772,7.422999999999999,D,2020-09-20
"(51.038000000000004, 2.285)",1102.3320895522388,23634.0,21.44,Grande-Synthe,commune,59,51.038000000000004,2.285,D,2020-09-20
"(43.452, 4.9)",171.49821254468637,15831.0,92.31,Fos-sur-Mer,commune,13,43.452,4.9,N,2020-09-20
"(49.666000000000004, 5.1339999999999995)",31.355932203389827,185.0,5.9,Sachy,commune,8,49.666000000000004,5.1339999999999995,N,2020-09-20
"(43.44600000000001, 4.901)",171.49821254468637,15831.0,92.31,Fos-sur-Mer,commune,13,43.44600000000001,4.901,N,2020-09-21
"(49.663999999999994, 5.145)",31.355932203389827,185.0,5.9,Sachy,commune,8,49.663999999999994,5.145,N,2020-09-21
"(51.049, 2.331)",2024.9715197083615,88876.0,43.89,Dunkerque,commune,59,51.049,2.331,D,2020-09-21
"(43.88399999999999, 6.135)",21.10609480812641,748.0,35.44,Puimoisson,commune,4,43.88399999999999,6.135,D,2020-09-21
"(43.746, 4.332)",253.92781316348197,2392.0,9.42,Aubord,commune,30,43.746,4.332,D,2020-09-21
"(43.876999999999995, 6.1370000000000005)",21.10609480812641,748.0,35.44,Puimoisson,commune,4,43.876999999999995,6.1370000000000005,D,2020-09-21
"(43.744, 4.3260000000000005)",253.92781316348197,2392.0,9.42,Aubord,commune,30,43.744,4.3260000000000005,D,2020-09-21
"(43.74800000000001, 4.332)",253.92781316348197,2392.0,9.42,Aubord,commune,30,43.74800000000001,4.332,D,2020-09-21
"(43.738, 4.334)",166.85902720527616,4048.0,24.26,Générac,commune,30,43.738,4.334,D,2020-09-21
"(51.028, 2.28)",1102.3320895522388,23634.0,21.44,Grande-Synthe,commune,59,51.028,2.28,D,2020-09-21
"(51.032, 2.272)",1102.3320895522388,23634.0,21.44,Grande-Synthe,commune,59,51.032,2.272,D,2020-09-22
"(51.028, 2.272)",1102.3320895522388,23634.0,21.44,Grande-Synthe,commune,59,51.028,2.272,D,2020-09-22
"(51.032, 2.27)",1102.3320895522388,23634.0,21.44,Grande-Synthe,commune,59,51.032,2.27,D,2020-09-22
"(51.02, 2.27)",1102.3320895522388,23634.0,21.44,Grande-Synthe,commune,59,51.02,2.27,D,2020-09-22
"(51.03, 2.2840000000000003)",1102.3320895522388,23634.0,21.44,Grande-Synthe,commune,59,51.03,2.2840000000000003,N,2020-09-22
"(51.028, 2.27)",1102.3320895522388,23634.0,21.44,Grande-Synthe,commune,59,51.028,2.27,N,2020-09-22
"(51.042, 2.295)",1102.3320895522388,23634.0,21.44,Grande-Synthe,commune,59,51.042,2.295,N,2020-09-22
"(44.169, 0.6559999999999999)",337.6969696969697,5572.0,16.5,Boé,commune,47,44.169,0.6559999999999999,D,2020-09-23
"(44.167, 0.669)",337.6969696969697,5572.0,16.5,Boé,commune,47,44.167,0.669,D,2020-09-23
"(46.308, 1.141)",5.5600649350649345,137.0,24.64,Tersannes,commune,87,46.308,1.141,D,2020-09-23
"(43.551, 3.702)",268.1592039800995,3234.0,12.06,Cournonsec,commune,34,43.551,3.702,D,2020-09-25
"(43.443999999999996, 4.894)",171.49821254468637,15831.0,92.31,Fos-sur-Mer,commune,13,43.443999999999996,4.894,D,2020-09-25
"(43.644, 4.988)",637.7809388335704,44836.0,70.3,Salon-de-Provence,commune,13,43.644,4.988,D,2020-09-25
"(43.44300000000001, 4.899)",171.49821254468637,15831.0,92.31,Fos-sur-Mer,commune,13,43.44300000000001,4.899,D,2020-09-25
"(43.448, 4.9)",171.49821254468637,15831.0,92.31,Fos-sur-Mer,commune,13,43.448,4.9,D,2020-09-27
"(46.083, 1.0490000000000002)",10.71262946359561,693.0,64.69,Blond,commune,87,46.083,1.0490000000000002,D,2020-09-28
"(46.08, 1.068)",10.71262946359561,693.0,64.69,Blond,commune,87,46.08,1.068,D,2020-09-28
"(43.448, 4.883)",171.49821254468637,15831.0,92.31,Fos-sur-Mer,commune,13,43.448,4.883,D,2020-09-28
"(43.445, 4.879)",171.49821254468637,15831.0,92.31,Fos-sur-Mer,commune,13,43.445,4.879,D,2020-09-29
"(43.443999999999996, 4.893)",171.49821254468637,15831.0,92.31,Fos-sur-Mer,commune,13,43.443999999999996,4.893,D,2020-09-29
"(43.445, 4.893)",171.49821254468637,15831.0,92.31,Fos-sur-Mer,commune,13,43.445,4.893,N,2020-09-29
"(44.478, -0.622)",22.9528105482304,1323.0,57.64,Hostens,commune,33,44.478,-0.622,D,2020-09-30
"(44.413000000000004, -1.0270000000000001)",53.18691169878978,5933.0,111.55,Parentis-en-Born,commune,40,44.413000000000004,-1.0270000000000001,D,2020-09-30
"(43.714, 3.424)",37.10801393728223,639.0,17.22,Saint-Jean-de-la-Blaquière,commune,34,43.714,3.424,D,2020-09-30
"(44.675, -0.7490000000000001)",50.13045098770035,5380.0,107.32,Le Barp,commune,33,44.675,-0.7490000000000001,D,2020-09-30
"(43.732, -0.215)",105.55555555555556,6099.0,57.78,Aire-sur-l'Adour,commune,40,43.732,-0.215,D,2020-09-30
"(44.723, -0.8140000000000001)",166.4457165812996,16573.0,99.57,Cestas,commune,33,44.723,-0.8140000000000001,D,2020-09-30
"(44.407, -0.9890000000000001)",20.03055355859094,2229.0,111.28,Ychoux,commune,40,44.407,-0.9890000000000001,D,2020-09-30
"(43.858999999999995, -1.167)",23.50853847859836,2120.0,90.18,Castets,commune,40,43.858999999999995,-1.167,D,2020-09-30
"(44.405, -0.976)",20.03055355859094,2229.0,111.28,Ychoux,commune,40,44.405,-0.976,D,2020-09-30
"(43.708999999999996, 3.435)",37.10801393728223,639.0,17.22,Saint-Jean-de-la-Blaquière,commune,34,43.708999999999996,3.435,D,2020-09-30
"(43.711999999999996, 3.417)",37.10801393728223,639.0,17.22,Saint-Jean-de-la-Blaquière,commune,34,43.711999999999996,3.417,D,2020-09-30
"(43.446999999999996, 4.888)",171.49821254468637,15831.0,92.31,Fos-sur-Mer,commune,13,43.446999999999996,4.888,D,2020-09-30
"(44.674, -0.747)",50.13045098770035,5380.0,107.32,Le Barp,commune,33,44.674,-0.747,D,2020-09-30
"(42.691, 2.7539999999999996)",225.92829705505764,3529.0,15.62,Pézilla-la-Rivière,commune,66,42.691,2.7539999999999996,D,2020-09-30
"(44.442, -0.578)",15.722222222222221,283.0,18.0,Le Tuzan,commune,33,44.442,-0.578,D,2020-09-30
"(43.4, 3.0610000000000004)",127.87311492459698,4918.0,38.46,Cazouls-lès-Béziers,commune,34,43.4,3.0610000000000004,D,2020-09-30
"(44.553999999999995, 0.091)",152.05611998064828,3143.0,20.67,Sainte-Bazeille,commune,47,44.553999999999995,0.091,D,2020-09-30
"(51.027, 2.2769999999999997)",1102.3320895522388,23634.0,21.44,Grande-Synthe,commune,59,51.027,2.2769999999999997,N,2020-10-01
"(43.441, 4.895)",171.49821254468637,15831.0,92.31,Fos-sur-Mer,commune,13,43.441,4.895,D,2020-10-04
"(51.04, 2.312)",2024.9715197083615,88876.0,43.89,Dunkerque,commune,59,51.04,2.312,D,2020-10-05
"(43.44600000000001, 4.886)",171.49821254468637,15831.0,92.31,Fos-sur-Mer,commune,13,43.44600000000001,4.886,N,2020-10-06
"(43.453, 4.895)",171.49821254468637,15831.0,92.31,Fos-sur-Mer,commune,13,43.453,4.895,N,2020-10-06
"(44.786, 4.883)",225.45546558704453,8910.0,39.52,Livron-sur-Drôme,commune,26,44.786,4.883,D,2020-10-07
"(43.44600000000001, 4.877)",171.49821254468637,15831.0,92.31,Fos-sur-Mer,commune,13,43.44600000000001,4.877,D,2020-10-08
"(43.54, 4.851)",60.953134453390426,13097.0,214.87,Saint-Martin-de-Crau,commune,13,43.54,4.851,D,2020-10-08
"(43.445, 4.895)",171.49821254468637,15831.0,92.31,Fos-sur-Mer,commune,13,43.445,4.895,N,2020-10-08
"(51.034, 2.29)",1102.3320895522388,23634.0,21.44,Grande-Synthe,commune,59,51.034,2.29,D,2020-10-09
"(51.025, 2.286)",1102.3320895522388,23634.0,21.44,Grande-Synthe,commune,59,51.025,2.286,D,2020-10-09
"(51.027, 2.272)",1102.3320895522388,23634.0,21.44,Grande-Synthe,commune,59,51.027,2.272,D,2020-10-09
"(43.441, 4.9)",171.49821254468637,15831.0,92.31,Fos-sur-Mer,commune,13,43.441,4.9,D,2020-10-09
"(46.32100000000001, -0.623)",75.49513259483048,2249.0,29.79,Coulon,commune,79,46.32100000000001,-0.623,N,2020-10-09
"(43.442, 4.901)",171.49821254468637,15831.0,92.31,Fos-sur-Mer,commune,13,43.442,4.901,D,2020-10-10
"(42.597, 3.017)",406.7167684358854,8659.0,21.29,Elne,commune,66,42.597,3.017,D,2020-10-11
"(42.599, 3.0039999999999996)",739.5770392749245,2448.0,3.31,Latour-Bas-Elne,commune,66,42.599,3.0039999999999996,D,2020-10-11
"(44.023, 4.532)",18.404907975460123,450.0,24.45,La Capelle-et-Masmolène,commune,30,44.023,4.532,D,2020-10-11
"(42.608000000000004, 3.0069999999999997)",739.5770392749245,2448.0,3.31,Latour-Bas-Elne,commune,66,42.608000000000004,3.0069999999999997,D,2020-10-11
"(43.449, 4.901)",171.49821254468637,15831.0,92.31,Fos-sur-Mer,commune,13,43.449,4.901,D,2020-10-11
"(43.44, 4.898)",171.49821254468637,15831.0,92.31,Fos-sur-Mer,commune,13,43.44,4.898,D,2020-10-11
"(43.36, 3.2960000000000003)",810.5676581483032,77393.0,95.48,Béziers,commune,34,43.36,3.2960000000000003,D,2020-10-11
"(44.101000000000006, 4.3660000000000005)",10.89238845144357,249.0,22.86,Belvézet,commune,30,44.101000000000006,4.3660000000000005,D,2020-10-11
"(43.637, 4.976)",637.7809388335704,44836.0,70.3,Salon-de-Provence,commune,13,43.637,4.976,D,2020-10-11
"(43.635, 4.963)",637.7809388335704,44836.0,70.3,Salon-de-Provence,commune,13,43.635,4.963,D,2020-10-11
"(43.976000000000006, 4.671)",220.54069938289746,7505.0,34.03,Rochefort-du-Gard,commune,30,43.976000000000006,4.671,D,2020-10-11
"(43.453, 3.178)",21.28252788104089,458.0,21.52,Pailhès,commune,34,43.453,3.178,D,2020-10-11
"(43.451, 3.1630000000000003)",93.57231149567369,3028.0,32.36,Murviel-lès-Béziers,commune,34,43.451,3.1630000000000003,D,2020-10-11
"(43.762, 5.819)",37.834725021595176,2628.0,69.46,Gréoux-les-Bains,commune,4,43.762,5.819,D,2020-10-11
"(43.677, 5.864)",45.609821190285565,1709.0,37.47,Ginasservis,commune,83,43.677,5.864,D,2020-10-11
"(51.033, 2.28)",1102.3320895522388,23634.0,21.44,Grande-Synthe,commune,59,51.033,2.28,D,2020-10-11
"(47.948, 3.4560000000000004)",34.34535104364327,724.0,21.08,Champlay,commune,89,47.948,3.4560000000000004,N,2020-10-11
"(43.44600000000001, 4.904)",171.49821254468637,15831.0,92.31,Fos-sur-Mer,commune,13,43.44600000000001,4.904,N,2020-10-11
"(43.494, 4.897)",171.49821254468637,15831.0,92.31,Fos-sur-Mer,commune,13,43.494,4.897,D,2020-10-13
"(43.448, 4.897)",171.49821254468637,15831.0,92.31,Fos-sur-Mer,commune,13,43.448,4.897,D,2020-10-13
"(43.448, 4.897)",171.49821254468637,15831.0,92.31,Fos-sur-Mer,commune,13,43.448,4.897,N,2020-10-19
"(43.254, 5.7589999999999995)",15.474297827239006,292.0,18.87,Le Castellet,commune,83,43.254,5.7589999999999995,D,2020-10-13
"(43.44300000000001, 4.905)",171.49821254468637,15831.0,92.31,Fos-sur-Mer,commune,13,43.44300000000001,4.905,D,2020-10-13
"(43.257, 5.775)",15.474297827239006,292.0,18.87,Le Castellet,commune,83,43.257,5.775,D,2020-10-13
"(43.449, 4.904)",171.49821254468637,15831.0,92.31,Fos-sur-Mer,commune,13,43.449,4.904,N,2020-10-14
"(46.549, -1.729)",94.64057847724371,2225.0,23.51,Saint-Mathurin,commune,85,46.549,-1.729,D,2020-10-14
"(43.445, 4.904)",171.49821254468637,15831.0,92.31,Fos-sur-Mer,commune,13,43.445,4.904,D,2020-10-15
"(43.448, 4.888999999999999)",171.49821254468637,15831.0,92.31,Fos-sur-Mer,commune,13,43.448,4.888999999999999,N,2020-10-16
"(44.176, -0.9309999999999999)",5.634822167080232,545.0,96.72,Lüe,commune,40,44.176,-0.9309999999999999,D,2020-10-16
"(43.446999999999996, 4.9060000000000015)",171.49821254468637,15831.0,92.31,Fos-sur-Mer,commune,13,43.446999999999996,4.9060000000000015,D,2020-10-16
"(43.446999999999996, 4.8839999999999995)",171.49821254468637,15831.0,92.31,Fos-sur-Mer,commune,13,43.446999999999996,4.8839999999999995,D,2020-10-16
"(43.763999999999996, 6.0829999999999975)",12.34640140433002,422.0,34.18,Montagnac-Montpezat,commune,4,43.763999999999996,6.0829999999999975,D,2020-10-16
"(43.925, 5.976)",15.474297827239006,292.0,18.87,Le Castellet,commune,4,43.925,5.976,D,2020-10-16
"(43.448, 4.886)",171.49821254468637,15831.0,92.31,Fos-sur-Mer,commune,13,43.448,4.886,N,2020-10-18
"(43.33, 2.3369999999999997)",35.01742160278746,402.0,11.48,Salsigne,commune,11,43.33,2.3369999999999997,D,2020-10-18
"(44.025, 2.128)",345.27027027027026,3066.0,8.88,Blaye-les-Mines,commune,81,44.025,2.128,D,2020-10-18
"(43.773999999999994, 1.954)",219.57709251101318,12461.0,56.75,Graulhet,commune,81,43.773999999999994,1.954,D,2020-10-18
"(43.371, 1.8030000000000002)",35.51401869158879,1444.0,40.66,Avignonet-Lauragais,commune,11,43.371,1.8030000000000002,D,2020-10-18
"(43.335, 2.365)",20.880681818181817,147.0,7.04,Villanière,commune,11,43.335,2.365,D,2020-10-18
"(43.108000000000004, 1.706)",54.31034482758621,252.0,4.64,Saint-Amadou,commune,9,43.108000000000004,1.706,D,2020-10-18
"(43.44600000000001, 4.905)",171.49821254468637,15831.0,92.31,Fos-sur-Mer,commune,13,43.44600000000001,4.905,D,2020-10-18
"(44.931000000000004, 2.479)",899.6870653685675,25875.0,28.76,Aurillac,commune,15,44.931000000000004,2.479,D,2020-10-18
"(43.696999999999996, 3.34)",319.7669400086318,7409.0,23.17,Lodève,commune,34,43.696999999999996,3.34,D,2020-10-18
"(43.41, 3.139)",213.77289377289375,2918.0,13.65,Thézan-lès-Béziers,commune,34,43.41,3.139,D,2020-10-18
"(42.696999999999996, 2.799)",293.37899543378995,1285.0,4.38,Villeneuve-la-Rivière,commune,66,42.696999999999996,2.799,D,2020-10-18
"(42.69300000000001, 2.792)",225.92829705505764,3529.0,15.62,Pézilla-la-Rivière,commune,66,42.69300000000001,2.792,D,2020-10-18
"(42.589, 2.904)",161.83745583038868,1374.0,8.49,Ortaffa,commune,66,42.589,2.904,D,2020-10-18
"(43.597, 3.1860000000000004)",214.45003594536306,5966.0,27.82,Bédarieux,commune,34,43.597,3.1860000000000004,D,2020-10-18
"(43.599, 3.199)",214.45003594536306,5966.0,27.82,Bédarieux,commune,34,43.599,3.199,D,2020-10-18
"(42.695, 2.785)",225.92829705505764,3529.0,15.62,Pézilla-la-Rivière,commune,66,42.695,2.785,D,2020-10-18
"(43.341, 2.34)",35.01742160278746,402.0,11.48,Salsigne,commune,11,43.341,2.34,D,2020-10-18
"(45.019, 2.443)",23.25133689839572,1087.0,46.75,Saint-Cernin,commune,15,45.019,2.443,D,2020-10-18
"(43.605, 3.19)",214.45003594536306,5966.0,27.82,Bédarieux,commune,34,43.605,3.19,D,2020-10-18
"(43.442, 4.902)",171.49821254468637,15831.0,92.31,Fos-sur-Mer,commune,13,43.442,4.902,D,2020-10-18
"(43.765, 5.8229999999999995)",37.834725021595176,2628.0,69.46,Gréoux-les-Bains,commune,4,43.765,5.8229999999999995,D,2020-10-20
"(42.475, 9.295)",8.475020865625371,3554.0,419.35,COMMUNAUTÉ DE COMMUNES DE LA VALLÉE DU GOLO,epci,20,42.475,9.295,D,2020-07-13
"(42.465, 9.294)",8.475020865625371,3554.0,419.35,COMMUNAUTÉ DE COMMUNES DE LA VALLÉE DU GOLO,epci,20,42.465,9.294,D,2020-07-13
"(42.467, 9.281)",8.475020865625371,3554.0,419.35,COMMUNAUTÉ DE COMMUNES DE LA VALLÉE DU GOLO,epci,20,42.467,9.281,D,2020-07-13
"(42.476000000000006, 9.283)",8.475020865625371,3554.0,419.35,COMMUNAUTÉ DE COMMUNES DE LA VALLÉE DU GOLO,epci,20,42.476000000000006,9.283,D,2020-07-13
"(42.466, 9.297)",8.475020865625371,3554.0,419.35,COMMUNAUTÉ DE COMMUNES DE LA VALLÉE DU GOLO,epci,20,42.466,9.297,D,2020-07-13
"(42.46100000000001, 9.274)",8.475020865625371,3554.0,419.35,COMMUNAUTÉ DE COMMUNES DE LA VALLÉE DU GOLO,epci,20,42.46100000000001,9.274,D,2020-07-13
"(42.47, 9.289)",8.475020865625371,3554.0,419.35,COMMUNAUTÉ DE COMMUNES DE LA VALLÉE DU GOLO,epci,20,42.47,9.289,D,2020-07-13
"(42.465, 9.267000000000001)",8.475020865625371,3554.0,419.35,COMMUNAUTÉ DE COMMUNES DE LA VALLÉE DU GOLO,epci,20,42.465,9.267000000000001,D,2020-07-13
"(48.041000000000004, 0.9840000000000001)",20.454630286290172,5480.0,267.91,CC COLLINES PERCHE,epci,41,48.041000000000004,0.9840000000000001,D,2020-07-18
"(48.035, 0.9570000000000001)",20.454630286290172,5480.0,267.91,CC COLLINES PERCHE,epci,41,48.035,0.9570000000000001,D,2020-07-18
"(48.707, 6.059)",67.31445655997186,7655.0,113.72,CC de Hazelle en Haye,epci,54,48.707,6.059,N,2020-07-31
"(42.553000000000004, 8.926)",27.749081283889694,10798.0,389.13000000000005,CC de l'Ile-Rousse - Balagne,epci,20,42.553000000000004,8.926,N,2020-08-03
"(42.553999999999995, 8.941)",27.749081283889694,10798.0,389.13000000000005,CC de l'Ile-Rousse - Balagne,epci,20,42.553999999999995,8.941,N,2020-08-03
"(42.553999999999995, 8.939)",27.749081283889694,10798.0,389.13000000000005,CC de l'Ile-Rousse - Balagne,epci,20,42.553999999999995,8.939,N,2020-08-04
"(42.544, 8.934)",27.749081283889694,10798.0,389.13000000000005,CC de l'Ile-Rousse - Balagne,epci,20,42.544,8.934,N,2020-08-04
"(42.553000000000004, 8.889)",18.65957446808511,10524.0,564.0,CC de Calvi Balagne,epci,20,42.553000000000004,8.889,D,2020-08-27
"(42.555, 8.853)",18.65957446808511,10524.0,564.0,CC de Calvi Balagne,epci,20,42.555,8.853,D,2020-08-27
"(42.553000000000004, 8.912)",27.749081283889694,10798.0,389.13000000000005,CC de l'Ile-Rousse - Balagne,epci,20,42.553000000000004,8.912,D,2020-08-27
"(42.555, 8.906)",27.749081283889694,10798.0,389.13000000000005,CC de l'Ile-Rousse - Balagne,epci,20,42.555,8.906,D,2020-08-27
"(47.51, 0.004)",85.15317776155601,36162.0,424.67000000000013,CC Baugeois Vallée,epci,49,47.51,0.004,D,2020-09-04
"(42.299, 9.277000000000001)",5.5555555555555545,720.0,129.6,"CC di E Tre Pieve : Boziu, Mercoriu e Rogna",epci,20,42.299,9.277000000000001,D,2020-09-06
"(42.28, 9.242)",5.5555555555555545,720.0,129.6,"CC di E Tre Pieve : Boziu, Mercoriu e Rogna",epci,20,42.28,9.242,D,2020-09-06
"(42.295, 9.257)",5.5555555555555545,720.0,129.6,"CC di E Tre Pieve : Boziu, Mercoriu e Rogna",epci,20,42.295,9.257,D,2020-09-06
"(48.57100000000001, 0.665)",31.470182320040674,8665.0,275.34000000000003,CC des Hauts du Perche,epci,61,48.57100000000001,0.665,D,2020-09-09
"(46.06800000000001, -0.7490000000000001)",66.29356452726017,30739.0,463.68,CC Aunis Sud,epci,17,46.06800000000001,-0.7490000000000001,D,2020-09-14
"(48.511, -1.348)",66.72847046505541,91773.0,1375.32,CA Mont-Saint-Michel-Normandie,epci,50,48.511,-1.348,D,2020-09-17
"(42.361999999999995, 8.906)",3.903330288182045,940.0,240.82,COMMUNAUTÉ DE COMMUNES DU NIOLU,epci,20,42.361999999999995,8.906,D,2020-10-01
"(41.933, 9.215)",18.344676046021913,12022.0,655.34,CC de la Pieve de l'Ornano,epci,20,41.933,9.215,D,2020-10-01
"(42.275, 9.166)",26.22037522209173,8707.0,332.07000000000005,CC DU CENTRE CORSE,epci,20,42.275,9.166,D,2020-10-01
"(42.599, 9.204)",27.749081283889694,10798.0,389.13000000000005,CC de l'Ile-Rousse - Balagne,epci,20,42.599,9.204,D,2020-10-08
"(42.596000000000004, 9.193)",27.749081283889694,10798.0,389.13000000000005,CC de l'Ile-Rousse - Balagne,epci,20,42.596000000000004,9.193,D,2020-10-08
"(42.603, 9.296)",9.796293459947924,3198.0,326.45,CC du Nebbiu,epci,20,42.603,9.296,D,2020-10-11
"(42.605, 9.308)",9.796293459947924,3198.0,326.45,CC du Nebbiu,epci,20,42.605,9.308,D,2020-10-11
"(47.18600000000001, -0.937)",235.284139100933,122056.0,518.76,CA Mauges Communauté,epci,49,47.18600000000001,-0.937,D,2020-10-14
"(47.178999999999995, -0.94)",235.284139100933,122056.0,518.76,CA Mauges Communauté,epci,49,47.178999999999995,-0.94,D,2020-10-14
